{
    "report_timestamp_utc": "2025-05-03T07:21:37.076041",
    "trading_symbol": "SOL/USDT",
    "exchange": "bybit",
    "timeframe": "2h",
    "anomaly_detected": false,
    "anomaly_score": 5.25,
    "contributing_factors": {
        "Technical": "Score: -0.5. Factors: MACD Hist Neg",
        "Pattern": "Score: 1.0. Factors: Hammer (Bull); Spinning Top (Neutral)",
        "OnChain": "Score: 1.5. Factors: Overall: Bullish; Minor Net Flow ($112,784)"
    },
    "data_summary": {
        "latest_technical_timestamp": "2025-05-03T06:00:00",
        "onchain_sentiment": "Bullish",
        "onchain_net_flow_usd": 112783.843516046,
        "onchain_whale_txs": 0
    }
}