{
    "report_timestamp_utc": "2025-05-07T09:29:03.838739+00:00",
    "trading_symbol": "SOL/USDT",
    "exchange": "binance",
    "timeframe": "1h",
    "anomaly_detected": false,
    "anomaly_score": 4.25,
    "threshold_used": 7.0,
    "contributing_factors": {
        "Technical": {
            "score": 0.5,
            "factors": [
                "MACD Hist Pos (0.1935)"
            ]
        },
        "Pattern": {
            "score": 1.5,
            "factors": [
                "Overall Sentiment: Bullish",
                "Latest Patterns: Inverted Hammer, Shooting Star"
            ]
        },
        "OnChain": {
            "score": 0.0,
            "factors": [
                "Sentiment: Neutral",
                "Minor/Neutral Net Flow ($39,175)",
                "Normal Whale Txs (0)"
            ]
        },
        "Volatility": {
            "score": 0.0,
            "factors": [
                "Normal recent volatility."
            ]
        }
    },
    "data_summary": {
        "latest_technical_timestamp": "2025-05-07T09:00:00",
        "onchain_analysis": {
            "status": "Analyzed",
            "sentiment": "Neutral",
            "net_flow_usd": "39,174.57",
            "whale_txs": "0"
        },
        "pattern_analysis_summary": {
            "status": "Analyzed",
            "overall_sentiment": "Bullish",
            "latest_patterns_list": [
                "Inverted Hammer",
                "Shooting Star"
            ]
        }
    },
    "full_pattern_analysis_results": {
        "symbol": "Unknown",
        "latest_patterns": [
            "Inverted Hammer",
            "Shooting Star"
        ],
        "sentiment": "Bullish",
        "bullish_signals": 4,
        "bearish_signals": 1,
        "total_patterns_checked": 27,
        "last_timestamp": "2025-05-07T09:00:00"
    }
}