{
    "report_timestamp_utc": "2025-05-07T22:13:57.719282+00:00",
    "trading_symbol": "SOL/USDT",
    "exchange": "binance",
    "timeframe": "1h",
    "anomaly_detected": false,
    "anomaly_score": 1.75,
    "threshold_used": 7.0,
    "contributing_factors": {
        "Technical": {
            "score": -0.5,
            "factors": [
                "MACD Hist Neg (-0.0005)"
            ]
        },
        "Pattern": {
            "score": 1.5,
            "factors": [
                "Overall Sentiment: Bullish"
            ]
        },
        "OnChain": {
            "score": 0.0,
            "factors": [
                "Sentiment: Neutral",
                "Minor/Neutral Net Flow ($42,394)",
                "Normal Whale Txs (0)"
            ]
        },
        "Volatility": {
            "score": 0.0,
            "factors": [
                "Normal recent volatility."
            ]
        }
    },
    "data_summary": {
        "latest_technical_timestamp": "2025-05-07T22:00:00",
        "onchain_analysis": {
            "status": "Analyzed",
            "sentiment": "Neutral",
            "net_flow_usd": "42,394.12",
            "whale_txs": "0"
        },
        "pattern_analysis_summary": {
            "status": "Analyzed",
            "overall_sentiment": "Bullish",
            "latest_patterns_list": []
        }
    },
    "full_pattern_analysis_results": {
        "symbol": "Unknown",
        "latest_patterns": [],
        "sentiment": "Bullish",
        "bullish_signals": 1,
        "bearish_signals": 0,
        "total_patterns_checked": 27,
        "last_timestamp": "2025-05-07T22:00:00"
    }
}