{
  "timestamp": "2025-04-26T04:23:28.857501",
  "symbol": "btc",
  "average_sentiment_score": 0.0,
  "fear_greed_index": [
    {
      "value": 65,
      "classification": "Greed",
      "timestamp_unix": 1745625600,
      "datetime": "2025-04-26T00:00:00"
    }
  ],
  "dxy_strength_score": null,
  "macro_news_sentiment": [
    {
      "title": "Bird flu (avian influenza): latest situation in England",
      "url": "https://www.gov.uk/government/announcements",
      "country": "UK",
      "source": "government",
      "scraped_at": "2025-04-26T04:23:19.320275",
      "sentiment": "positive"
    },
    {
      "title": "MOJ response to The Victims\u2019 Commissioner\u2019s report into the Crown Court backlog",
      "url": "https://www.gov.uk/government/announcements",
      "country": "UK",
      "source": "government",
      "scraped_at": "2025-04-26T04:23:19.320328",
      "sentiment": "neutral"
    },
    {
      "title": "Regulator investigates charity over property dispute and governance issues",
      "url": "https://www.gov.uk/government/announcements",
      "country": "UK",
      "source": "government",
      "scraped_at": "2025-04-26T04:23:19.320346",
      "sentiment": "neutral"
    },
    {
      "title": "Clients award GAD high ratings in feedback",
      "url": "https://www.gov.uk/government/announcements",
      "country": "UK",
      "source": "government",
      "scraped_at": "2025-04-26T04:23:19.320362",
      "sentiment": "positive"
    },
    {
      "title": "Career Insight: Ellen, Trainee Solicitor, GLD",
      "url": "https://www.gov.uk/government/announcements",
      "country": "UK",
      "source": "government",
      "scraped_at": "2025-04-26T04:23:19.320378",
      "sentiment": "neutral"
    },
    {
      "title": "Immigration offenders returned on flight to Nigeria and Ghana",
      "url": "https://www.gov.uk/government/announcements",
      "country": "UK",
      "source": "government",
      "scraped_at": "2025-04-26T04:23:19.320395",
      "sentiment": "neutral"
    },
    {
      "title": "International crackdown on cannabis smuggling",
      "url": "https://www.gov.uk/government/announcements",
      "country": "UK",
      "source": "government",
      "scraped_at": "2025-04-26T04:23:19.320411",
      "sentiment": "neutral"
    },
    {
      "title": "Redesigning and rebuilding \u2018Check if you can get legal aid\u2019",
      "url": "https://www.gov.uk/government/announcements",
      "country": "UK",
      "source": "government",
      "scraped_at": "2025-04-26T04:23:19.320426",
      "sentiment": "positive"
    },
    {
      "title": "Primacy of voluntary trusteeship stressed in new payment guidance",
      "url": "https://www.gov.uk/government/announcements",
      "country": "UK",
      "source": "government",
      "scraped_at": "2025-04-26T04:23:19.320441",
      "sentiment": "positive"
    },
    {
      "title": "Acoramidis approved to treat wild-type or variant transthyretin amyloidosis in adults with cardiomyopathy",
      "url": "https://www.gov.uk/government/announcements",
      "country": "UK",
      "source": "government",
      "scraped_at": "2025-04-26T04:23:19.320458",
      "sentiment": "neutral"
    },
    {
      "topic": "global economy",
      "title": "Global economy, world economy | TheGlobalEconomy.com",
      "url": "https://www.theglobaleconomy.com/",
      "snippet": "Information on the global economy with data on over 400 indicators, updated regularly, for over 200 countries as well as interactive tools, articles, ...",
      "source": "serpapi",
      "timestamp": "2025-04-26T04:23:20.017656",
      "sentiment": "neutral"
    },
    {
      "topic": "global economy",
      "title": "Global Economy",
      "url": "https://www.ft.com/global-economy",
      "snippet": "News and top stories on the state of the global economy. The latest economic data, reports and updates from countries around the world, on jobs, trade, ...",
      "source": "serpapi",
      "timestamp": "2025-04-26T04:23:20.017758",
      "sentiment": "positive"
    },
    {
      "topic": "global economy",
      "title": "Global Economic Prospects",
      "url": "https://www.worldbank.org/en/publication/global-economic-prospects",
      "snippet": "Global growth is expected to hold steady at 2.7 percent in 2025-26. However, the global economy appears to be settling at a low growth rate.",
      "source": "serpapi",
      "timestamp": "2025-04-26T04:23:20.017803",
      "sentiment": "neutral"
    },
    {
      "topic": "global economy",
      "title": "World Economic Outlook - All Issues",
      "url": "https://www.imf.org/en/Publications/WEO",
      "snippet": "Description: The January 2023 World Economic Outlook Update projects that global growth will fall to 2.9 percent in 2023 but rise to 3.1 percent in 2024. The ...",
      "source": "serpapi",
      "timestamp": "2025-04-26T04:23:20.017846",
      "sentiment": "neutral"
    },
    {
      "topic": "global economy",
      "title": "The Global Economy Enters a New Era",
      "url": "https://www.imf.org/en/Blogs/Articles/2025/04/22/the-global-economy-enters-a-new-era",
      "snippet": "The global economic system under which most countries have operated for the last 80 years is being reset, ushering the world into a new era.",
      "source": "serpapi",
      "timestamp": "2025-04-26T04:23:20.017888",
      "sentiment": "neutral"
    },
    {
      "topic": "global economy",
      "title": "World economy",
      "url": "https://en.wikipedia.org/wiki/World_economy",
      "snippet": "The world economy or global economy is the economy of all humans in the world, referring to the global economic system.",
      "source": "serpapi",
      "timestamp": "2025-04-26T04:23:20.017930",
      "sentiment": "neutral"
    },
    {
      "topic": "global economy",
      "title": "Global economy",
      "url": "https://www.theguardian.com/business/global-economy",
      "snippet": "23 April 2025 \u00b7 Rachel Reeves dashes hopes of early breakthrough in UK-US trade deal \u00b7 Boeing hopes to find new buyers for up to 50 planes returned by China.",
      "source": "serpapi",
      "timestamp": "2025-04-26T04:23:20.017971",
      "sentiment": "positive"
    },
    {
      "topic": "global economy",
      "title": "How does the global economy work?",
      "url": "https://www.edology.com/blog/accounting-finance/how-does-global-economy-work/",
      "snippet": "The global economy refers to the interconnected worldwide economic activities that take place between multiple countries. These economic activities can have ...",
      "source": "serpapi",
      "timestamp": "2025-04-26T04:23:20.018035",
      "sentiment": "neutral"
    },
    {
      "topic": "geopolitical tensions",
      "title": "Top Geopolitical Risks of 2025",
      "url": "https://www.spglobal.com/en/research-insights/market-insights/geopolitical-risk",
      "snippet": "The world is changing. Geopolitical fragmentation is being fueled by COVID-19, the war in Ukraine, U.S.-China relations and more.",
      "source": "serpapi",
      "timestamp": "2025-04-26T04:23:20.624714",
      "sentiment": "positive"
    },
    {
      "topic": "geopolitical tensions",
      "title": "How are geopolitical risks affecting the world economy?",
      "url": "https://www.economicsobservatory.com/how-are-geopolitical-risks-affecting-the-world-economy",
      "snippet": "Geopolitical risks posed by elections, polarisation and conflicts within and between states have inevitable knock-on effects on the economy, both globally and ...",
      "source": "serpapi",
      "timestamp": "2025-04-26T04:23:20.624803",
      "sentiment": "neutral"
    },
    {
      "topic": "geopolitical tensions",
      "title": "How Geopolitical Risks Influence the Global Community",
      "url": "https://geopoliticalfutures.com/risk/",
      "snippet": "Geopolitical risks are defined as the potential political, economic, military, and social risks that can emerge from a nation's involvement in international ...",
      "source": "serpapi",
      "timestamp": "2025-04-26T04:23:20.624843",
      "sentiment": "neutral"
    },
    {
      "topic": "geopolitical tensions",
      "title": "Geopolitical Risk Dashboard | BlackRock Investment Institute",
      "url": "https://www.blackrock.com/corporate/insights/blackrock-investment-institute/interactive-charts/geopolitical-risk-dashboard",
      "snippet": "Tensions escalate meaningfully over Taiwan or in the South China Sea. High, U.S.-China military tensions are poised to escalate, in our view.",
      "source": "serpapi",
      "timestamp": "2025-04-26T04:23:20.624881",
      "sentiment": "positive"
    },
    {
      "topic": "geopolitical tensions",
      "title": "Geopolitical tensions - (AP World History",
      "url": "https://library.fiveable.me/key-terms/ap-world/geopolitical-tensions",
      "snippet": "Geopolitical tensions refer to conflicts and rivalries between nations or regions that arise from their geographical, political, and economic interests.",
      "source": "serpapi",
      "timestamp": "2025-04-26T04:23:20.624918",
      "sentiment": "neutral"
    },
    {
      "topic": "geopolitical tensions",
      "title": "Beyond borders: Assessing the influence of Geopolitical ...",
      "url": "https://www.sciencedirect.com/science/article/pii/S0176268024000521",
      "snippet": "We find that geopolitical tensions and global uncertainty in border countries contribute to the rise of European country's sovereign risk.",
      "source": "serpapi",
      "timestamp": "2025-04-26T04:23:20.624955",
      "sentiment": "neutral"
    },
    {
      "topic": "geopolitical tensions",
      "title": "Top geopolitical risks 2025",
      "url": "https://kpmg.com/xx/en/our-insights/risk-and-regulation/top-risks-forecast-2025.html",
      "snippet": "Geopolitical rivalries, trade protectionism, conflict, competition for resources, cyberattacks and climate events place severe strains on ...",
      "source": "serpapi",
      "timestamp": "2025-04-26T04:23:20.624991",
      "sentiment": "neutral"
    },
    {
      "topic": "geopolitical tensions",
      "title": "Geopolitical Monitor",
      "url": "https://www.geopoliticalmonitor.com/",
      "snippet": "This week we cover the latest negotiations and geopolitical ripples from Trump tariffs in Europe and Asia; Russia's outsize role in Iran nuclear negotiations; ...",
      "source": "serpapi",
      "timestamp": "2025-04-26T04:23:20.625027",
      "sentiment": "neutral"
    },
    {
      "topic": "geopolitical tensions",
      "title": "Geopolitical conflict and its impact on global markets",
      "url": "https://www.usbank.com/investing/financial-perspectives/market-news/russia-ukraine-global-market.html",
      "snippet": "Increasing global tensions tied to trade tensions and ongoing geopolitical conflicts contributed to investor uncertainty about near-term ...",
      "source": "serpapi",
      "timestamp": "2025-04-26T04:23:20.625063",
      "sentiment": "neutral"
    },
    {
      "topic": "crypto adoption",
      "title": "2024 Global Crypto Adoption Index",
      "url": "https://www.chainalysis.com/blog/2024-global-crypto-adoption-index/",
      "snippet": "In each year's report, we look at both on- and off-chain data to determine which countries are leading the world in grassroots crypto adoption.",
      "source": "serpapi",
      "timestamp": "2025-04-26T04:23:21.259263",
      "sentiment": "neutral"
    },
    {
      "topic": "crypto adoption",
      "title": "2025 Cryptocurrency Adoption and Consumer Sentiment ...",
      "url": "https://www.security.org/digital-security/cryptocurrency-annual-consumer-report/",
      "snippet": "We conducted our annual cryptocurrency study to see what Americans think about cryptocurrency adoption, regulation, and security at the start of 2025.",
      "source": "serpapi",
      "timestamp": "2025-04-26T04:23:21.259357",
      "sentiment": "neutral"
    },
    {
      "topic": "crypto adoption",
      "title": "2024 Crypto Adoption and Illicit Exposure Report",
      "url": "https://www.trmlabs.com/resources/reports/2024-crypto-adoption-and-illicit-activity-report",
      "snippet": "The 2024 Crypto Adoption and Illicit Exposure Report report examines the shifts and trends shaping cryptocurrency adoption around the world.",
      "source": "serpapi",
      "timestamp": "2025-04-26T04:23:21.259393",
      "sentiment": "neutral"
    },
    {
      "topic": "crypto adoption",
      "title": "The 2023 Global Crypto Adoption Index",
      "url": "https://www.chainalysis.com/blog/2023-global-crypto-adoption-index/",
      "snippet": "The goal of the index is simple: We combine on-chain data and real-world data to measure which countries are leading the world in grassroots crypto adoption.",
      "source": "serpapi",
      "timestamp": "2025-04-26T04:23:21.259425",
      "sentiment": "neutral"
    },
    {
      "topic": "crypto adoption",
      "title": "Crypto Adoption Index | Crypto Wealth Report",
      "url": "https://www.henleyglobal.com/publications/crypto-wealth-report/crypto-adoption-index",
      "snippet": "The Crypto Adoption Index assesses investment migration options for crypto investors who want to craft a portfolio of alternative residence permits and ...",
      "source": "serpapi",
      "timestamp": "2025-04-26T04:23:21.259456",
      "sentiment": "neutral"
    },
    {
      "topic": "crypto adoption",
      "title": "2024 Trends: Crypto Adoption and Illicit Exposure by Country",
      "url": "https://www.trmlabs.com/resources/blog/2024-trends-crypto-adoption-and-illicit-activity-by-country",
      "snippet": "India, Indonesia, Nigeria, the United States, and Vietnam led in crypto adoption in 2024. Kenya saw the largest increase in crypto adoption, ...",
      "source": "serpapi",
      "timestamp": "2025-04-26T04:23:21.259488",
      "sentiment": "neutral"
    },
    {
      "topic": "crypto adoption",
      "title": "Cryptocurrency Ownership Data - Triple-A",
      "url": "https://www.triple-a.io/cryptocurrency-ownership-data/cryptocurrency-ownership-data",
      "snippet": "As of 2024, we estimated global cryptocurrency ownership rates at an average of 6.8%, with over 560 million cryptocurrencies users worldwide.",
      "source": "serpapi",
      "timestamp": "2025-04-26T04:23:21.259519",
      "sentiment": "neutral"
    },
    {
      "topic": "crypto ban",
      "title": "Legality of cryptocurrency by country or territory",
      "url": "https://en.wikipedia.org/wiki/Legality_of_cryptocurrency_by_country_or_territory",
      "snippet": "Afghanistan. Illegal. In August 2022 Taliban banned trading in cryptocurrencies. \u00b7 Kyrgyzstan. Legal. Bitcoin is considered a commodity, not a security or ...",
      "source": "serpapi",
      "timestamp": "2025-04-26T04:23:21.894003",
      "sentiment": "negative"
    },
    {
      "topic": "crypto ban",
      "title": "Russian crypto exchange Mosca raided amid cash-to- ...",
      "url": "https://cointelegraph.com/news/russian-crypto-mosca-raided-cash-crypto-ban-talks",
      "snippet": "Russian crypto exchange Mosca raided amid cash-to-crypto ban talks. Mosca, which allows investors to buy up to 100,000 USDT with cash daily ...",
      "source": "serpapi",
      "timestamp": "2025-04-26T04:23:21.894092",
      "sentiment": "neutral"
    },
    {
      "topic": "crypto ban",
      "title": "10 Countries Where Crypto Remains Banned in 2025",
      "url": "https://www.ccn.com/education/crypto/10-countries-where-crypto-remains-banned/",
      "snippet": "10 Countries Where Crypto Remains Banned in 2025 \u00b7 1. China \u00b7 2. Egypt \u00b7 3. Algeria \u00b7 4. Bangladesh \u00b7 5. Nepal \u00b7 6. Afghanistan \u00b7 7. Morocco \u00b7 8 ...",
      "source": "serpapi",
      "timestamp": "2025-04-26T04:23:21.894132",
      "sentiment": "neutral"
    },
    {
      "topic": "crypto ban",
      "title": "Crypto Tracing, China's Crypto Ban, and Potential Global ...",
      "url": "https://www.thinkbrg.com/thinkset/ts-crypto-tracing-china-crypto-ban-global-regulation/",
      "snippet": "China has taken a particularly tough stance, banning cryptocurrency exchanges and ICOs in 2017. However, some reports suggest that the country is now exploring ...",
      "source": "serpapi",
      "timestamp": "2025-04-26T04:23:21.894170",
      "sentiment": "negative"
    },
    {
      "topic": "crypto ban",
      "title": "Why China had to \u201cBan\u201d Cryptocurrency but the U.S. did not",
      "url": "https://openscholarship.wustl.edu/law_globalstudies/vol18/iss2/9/",
      "snippet": "While China explicitly banned any exchange or financing activities between fiat money and \u201ccoin substitution\u201d in 2017, the US has placed cryptocurrencies ...",
      "source": "serpapi",
      "timestamp": "2025-04-26T04:23:21.894211",
      "sentiment": "neutral"
    },
    {
      "topic": "crypto ban",
      "title": "Banano price today, BAN to USD live price, marketcap ...",
      "url": "https://coinmarketcap.com/currencies/banano/",
      "snippet": "The live Banano price today is $0.001526 USD with a 24-hour trading volume of $3738.31 USD. We update our BAN to USD price in real-time.",
      "source": "serpapi",
      "timestamp": "2025-04-26T04:23:21.894248",
      "sentiment": "positive"
    },
    {
      "topic": "crypto regulation",
      "title": "Cryptocurrency Regulation: A Guide to U.S. & Global Policies",
      "url": "https://www.britannica.com/money/cryptocurrency-regulation",
      "snippet": "Regulation can restrict market access.\u200b\u200b Enhanced crypto regulation can lead to some investors having limited access to cryptocurrencies or other digital assets.",
      "source": "serpapi",
      "timestamp": "2025-04-26T04:23:22.493809",
      "sentiment": "neutral"
    },
    {
      "topic": "crypto regulation",
      "title": "Crypto Task Force",
      "url": "https://www.sec.gov/about/crypto-task-force",
      "snippet": "The Crypto Task Force seeks to provide clarity on the application of the federal securities laws to the crypto asset market and to recommend practical policy ...",
      "source": "serpapi",
      "timestamp": "2025-04-26T04:23:22.493896",
      "sentiment": "neutral"
    },
    {
      "topic": "crypto regulation",
      "title": "Press Releases",
      "url": "https://www.federalreserve.gov/newsevents/pressreleases/bcreg20250424a.htm",
      "snippet": "The Federal Reserve Board on Thursday announced the withdrawal of guidance for banks related to their crypto-asset and dollar token activities ...",
      "source": "serpapi",
      "timestamp": "2025-04-26T04:23:22.493935",
      "sentiment": "neutral"
    },
    {
      "topic": "crypto regulation",
      "title": "Cryptocurrency Regulation in the U.S. and the EU",
      "url": "https://www.dowjones.com/professional/risk/resources/glossary/cryptocurrency-regulation",
      "snippet": "Many countries are starting to collect taxes on capital gains and crack down on financial crimes in the cryptocurrency space.",
      "source": "serpapi",
      "timestamp": "2025-04-26T04:23:22.493975",
      "sentiment": "neutral"
    },
    {
      "topic": "crypto regulation",
      "title": "Regulating crypto: Why, how, and who | ...",
      "url": "https://www.brookings.edu/collection/regulating-crypto-why-how-and-who/",
      "snippet": "Allen cautioned against bringing crypto into the regulatory system for fear of giving investors false guarantees around the quality of these assets and markets.",
      "source": "serpapi",
      "timestamp": "2025-04-26T04:23:22.494013",
      "sentiment": "neutral"
    },
    {
      "topic": "SEC ruling crypto",
      "title": "Crypto Task Force",
      "url": "https://www.sec.gov/about/crypto-task-force",
      "snippet": "The Crypto Task Force seeks to provide clarity on the application of the federal securities laws to the crypto asset market and to recommend practical policy ...",
      "source": "serpapi",
      "timestamp": "2025-04-26T04:23:23.139512",
      "sentiment": "neutral"
    },
    {
      "topic": "SEC ruling crypto",
      "title": "Crypto Assets",
      "url": "https://www.sec.gov/securities-topics/crypto-assets",
      "snippet": "To settle the SEC's charges, Nexo agreed to pay a $22.5 million penalty and cease its unregistered offer and sale of the EIP to U.S. investors. 1/19/2023. SEC v ...",
      "source": "serpapi",
      "timestamp": "2025-04-26T04:23:23.139600",
      "sentiment": "neutral"
    },
    {
      "topic": "SEC ruling crypto",
      "title": "SEC Chair Atkins says crypto innovation 'has been stifled' ...",
      "url": "https://www.cnbc.com/2025/04/25/sec-chair-atkins-says-crypto-innovation-been-stifled-at-roundtable-.html",
      "snippet": "WASHINGTON \u2014 SEC Chair Paul Atkins said on Friday that innovation in the crypto industry \"has been stifled for the last several years,\" and that ...",
      "source": "serpapi",
      "timestamp": "2025-04-26T04:23:23.139638",
      "sentiment": "neutral"
    },
    {
      "topic": "SEC ruling crypto",
      "title": "Offerings and Registrations of Securities in the Crypto ...",
      "url": "https://www.sec.gov/newsroom/speeches-statements/cf-crypto-securities-041025",
      "snippet": "SEC rules require a discussion of the material factors that make an investment in the registrant or the offering speculative or risky.[14] In ...",
      "source": "serpapi",
      "timestamp": "2025-04-26T04:23:23.139675",
      "sentiment": "neutral"
    },
    {
      "topic": "SEC ruling crypto",
      "title": "SEC Says Bitcoin is NOT a Security | Cryptocurrency Law",
      "url": "https://gordonlaw.com/learn/sec-says-bitcoin-not-security/",
      "snippet": "The U.S. Securities and Exchange Commission declared that Bitcoin is not a security. Jump in to learn more about the decision and its industry impact.",
      "source": "serpapi",
      "timestamp": "2025-04-26T04:23:23.139712",
      "sentiment": "neutral"
    },
    {
      "topic": "SEC ruling crypto",
      "title": "SEC repeals controversial crypto accounting rules for banks",
      "url": "https://bankingjournal.aba.com/2025/01/sec-repeals-controversial-crypto-accounting-rules-for-banks/",
      "snippet": "SAB 121, published in 2022, required SEC registrants to record an obligation to safeguard the crypto assets that they hold at the fair value of ...",
      "source": "serpapi",
      "timestamp": "2025-04-26T04:23:23.139749",
      "sentiment": "positive"
    },
    {
      "topic": "SEC ruling crypto",
      "title": "SEC Withdraws from Prominent Crypto Enforcement Amid ...",
      "url": "https://www.corporatesecuritieslawblog.com/2025/02/sec-withdraws-from-prominent-crypto-enforcement-amid-regulatory-shift/",
      "snippet": "The SEC filed its enforcement action against Coinbase in June 2023 under former-Chair Gary Gensler, alleging that the crypto platform violated ...",
      "source": "serpapi",
      "timestamp": "2025-04-26T04:23:23.139785",
      "sentiment": "neutral"
    },
    {
      "topic": "SEC ruling crypto",
      "title": "Cyber, Crypto Assets and Emerging Technology",
      "url": "https://www.sec.gov/about/divisions-offices/division-enforcement/cyber-crypto-assets-emerging-technology",
      "snippet": "The SEC's Crypto Task Force seeks to help the Commission provide clarity on the application of the federal securities laws to the crypto asset ...",
      "source": "serpapi",
      "timestamp": "2025-04-26T04:23:23.139821",
      "sentiment": "neutral"
    },
    {
      "topic": "court decision cryptocurrency",
      "title": "Crypto in the Courts: Five Cases Reshaping Digital Asset ...",
      "url": "https://katten.com/crypto-in-the-courts-five-cases-reshaping-digital-asset-regulation-in-2025",
      "snippet": "This article examines five cases that may define the future of digital asset regulation in the United States and sets out the issues at stake in those cases.",
      "source": "serpapi",
      "timestamp": "2025-04-26T04:23:23.780390",
      "sentiment": "neutral"
    },
    {
      "topic": "court decision cryptocurrency",
      "title": "Third Circuit Coinbase Decision Pressures SEC on Crypto ...",
      "url": "https://www.ropesgray.com/en/insights/alerts/2025/01/third-circuit-coinbase-decision-pressures-sec-on-crypto-rulemaking",
      "snippet": "The Court agreed with Coinbase that the SEC's explanation was insufficient and remanded the issue back to the SEC for a more comprehensive ...",
      "source": "serpapi",
      "timestamp": "2025-04-26T04:23:23.780471",
      "sentiment": "positive"
    },
    {
      "topic": "court decision cryptocurrency",
      "title": "Court Publishes Decision on Mandatory Arbitration Provisions ...",
      "url": "https://consumerlaw.berkeley.edu/news/court-publishes-decision-mandatory-arbitration-provisions-crypto-industry-and-beyond",
      "snippet": "The opinion establishes a clear blueprint for how to successfully bring claims against abusive cryptocurrency companies for violating consumer ...",
      "source": "serpapi",
      "timestamp": "2025-04-26T04:23:23.780510",
      "sentiment": "positive"
    },
    {
      "topic": "court decision cryptocurrency",
      "title": "precedential",
      "url": "https://www2.ca3.uscourts.gov/opinarch/233202p.pdf",
      "snippet": "At a minimum, the SEC claimed that a digital asset is a security, and thus subject to the federal securities laws, if it is an \u201cinvestment ...",
      "source": "serpapi",
      "timestamp": "2025-04-26T04:23:23.780549",
      "sentiment": "neutral"
    },
    {
      "topic": "court decision cryptocurrency",
      "title": "Cryptocurrency, Sweepstakes, and the Supreme Court",
      "url": "https://www.consumerfinancialserviceslawmonitor.com/2024/05/cryptocurrency-sweepstakes-and-the-supreme-court-a-tale-of-two-contracts/",
      "snippet": "The decision teaches a cautionary lesson that parties with multiple contracts between them must keep issues of arbitrability consistent between the contracts.",
      "source": "serpapi",
      "timestamp": "2025-04-26T04:23:23.780586",
      "sentiment": "positive"
    },
    {
      "topic": "court decision cryptocurrency",
      "title": "The SEC May Signal New Crypto Enforcement Approach In ...",
      "url": "https://omm.com/insights/alerts-publications/the-sec-may-signal-new-crypto-enforcement-approach-in-upcoming-court-filing/",
      "snippet": "The district court in SEC v. Coinbase found that the digital asset industry did not have the required significance. ... But Coinbase has appealed ...",
      "source": "serpapi",
      "timestamp": "2025-04-26T04:23:23.780624",
      "sentiment": "neutral"
    },
    {
      "topic": "court decision cryptocurrency",
      "title": "Coinbase scores win against SEC as judge agrees to ...",
      "url": "https://fortune.com/crypto/2025/01/08/coinbase-legal-victory-sec-failla-paul-grewal-gary-gensler-crypto/",
      "snippet": "Coinbase and the SEC have been locked in legal proceedings about whether the crypto exchange is violating securities laws.",
      "source": "serpapi",
      "timestamp": "2025-04-26T04:23:23.780660",
      "sentiment": "neutral"
    },
    {
      "topic": "court decision cryptocurrency",
      "title": "Appeals court reinstates crypto traders' claims against feds",
      "url": "https://www.courthousenews.com/appeals-court-reinstates-crypto-traders-claims-against-feds/",
      "snippet": "The decision by a three-judge appellate panel determined several claims brought by a group of traders are justiciable and sent the case back to the lower court.",
      "source": "serpapi",
      "timestamp": "2025-04-26T04:23:23.780696",
      "sentiment": "neutral"
    },
    {
      "topic": "gold price",
      "title": "Gold Price Charts & Historical Data - GoldPrice.org",
      "url": "https://goldprice.org/",
      "snippet": "GOLDPRICE.ORG - The No. 1 gold price site for fast loading live gold price charts in ounces, grams and kilos in every national currency in the world.",
      "source": "serpapi",
      "timestamp": "2025-04-26T04:23:24.390907",
      "sentiment": "positive"
    },
    {
      "topic": "gold price",
      "title": "Price of Gold Per Ounce | 24 Hour Spot Chart",
      "url": "https://www.kitco.com/charts/gold",
      "snippet": "Live Gold Charts and Gold Spot Price from International Gold Markets, Prices from New York, London, Hong Kong and Sydney provided by Kitco.",
      "source": "serpapi",
      "timestamp": "2025-04-26T04:23:24.391008",
      "sentiment": "neutral"
    },
    {
      "topic": "gold price",
      "title": "Gold Price Chart. Spot and Physical ...",
      "url": "https://www.veracash.com/gold-price-and-chart",
      "snippet": "Today, the spot price for a gold ounce is \u20ac2,921.24 and US$3,319.32. The price for an ounce of GoldPremium is \u20ac3,049.77 and US$3,465.37.",
      "source": "serpapi",
      "timestamp": "2025-04-26T04:23:24.391051",
      "sentiment": "neutral"
    },
    {
      "topic": "gold price",
      "title": "Current Gold Spot Price and Gold Price Chart History",
      "url": "https://www.gainesvillecoins.com/charts/gold-spot-price?srsltid=AfmBOor8FuhtUX8BttZui2AJE9dCaZTJbKkxer_2kPzAmPya2XBsLDIi",
      "snippet": "Find gold prices now with the current gold spot price. View charts of the gold price history measured in gold prices per ounce.",
      "source": "serpapi",
      "timestamp": "2025-04-26T04:23:24.391090",
      "sentiment": "neutral"
    },
    {
      "topic": "central bank gold reserve",
      "title": "Central Banks Gold Reserves by Country",
      "url": "https://www.gold.org/goldhub/data/gold-reserves-by-country",
      "snippet": "Gold is an important component of central bank reserves because of its safety, liquidity and return characteristics \u2013 the three key investment ...",
      "source": "serpapi",
      "timestamp": "2025-04-26T04:23:25.030269",
      "sentiment": "positive"
    },
    {
      "topic": "central bank gold reserve",
      "title": "Gold reserve",
      "url": "https://en.wikipedia.org/wiki/Gold_reserve",
      "snippet": "A gold reserve is the gold held by a national central bank, intended mainly as a guarantee to redeem promises to pay depositors, note holders",
      "source": "serpapi",
      "timestamp": "2025-04-26T04:23:25.030360",
      "sentiment": "neutral"
    },
    {
      "topic": "central bank gold reserve",
      "title": "Top 10 Central Bank Gold Reserves | INN",
      "url": "https://investingnews.com/daily/resource-investing/precious-metals-investing/gold-investing/top-central-bank-gold-holdings/",
      "snippet": "Global central banks own about 17 percent of all the gold ever mined, with reserves topping 37,755 metric tons (MT) at the end of 2024. They ...",
      "source": "serpapi",
      "timestamp": "2025-04-26T04:23:25.030400",
      "sentiment": "neutral"
    },
    {
      "topic": "central bank gold reserve",
      "title": "Central banks stay bullish on bullion in January",
      "url": "https://www.gold.org/goldhub/gold-focus/2025/03/central-banks-stay-bullish-bullion-january",
      "snippet": "The Central Bank of Uzbekistan reported 8t net purchases in January, with its gold holdings totalling 391t or 82% of its reserves. Sustained ...",
      "source": "serpapi",
      "timestamp": "2025-04-26T04:23:25.030437",
      "sentiment": "neutral"
    },
    {
      "topic": "central bank gold reserve",
      "title": "Gold Reserves - Countries - List",
      "url": "https://tradingeconomics.com/country-list/gold-reserves",
      "snippet": "This page provides values for Gold Reserves reported in several countries. The table has current values for Gold Reserves, previous releases, historical highs ...",
      "source": "serpapi",
      "timestamp": "2025-04-26T04:23:25.030474",
      "sentiment": "neutral"
    },
    {
      "topic": "central bank gold reserve",
      "title": "Top 10 Central Bank Gold Reserves",
      "url": "https://www.nasdaq.com/articles/top-10-central-bank-gold-reserves",
      "snippet": "Global central banks own about 17 percent of all the gold ever mined, with reserves topping 37,755 metric tons (MT) at the end of 2024.",
      "source": "serpapi",
      "timestamp": "2025-04-26T04:23:25.030513",
      "sentiment": "neutral"
    },
    {
      "topic": "central bank gold reserve",
      "title": "Gold Vault - FEDERAL RESERVE BANK of NEW YORK",
      "url": "https://www.newyorkfed.org/aboutthefed/goldvault.html",
      "snippet": "However, the vault today remains the world's largest known depository of monetary gold. As of 2024, the vault housed approximately 507,000 gold bars, with a ...",
      "source": "serpapi",
      "timestamp": "2025-04-26T04:23:25.030549",
      "sentiment": "neutral"
    },
    {
      "topic": "trade tariffs",
      "title": "What are tariffs and why is Trump using them?",
      "url": "https://www.bbc.com/news/articles/cn93e12rypgo",
      "snippet": "Tariffs are a key part of the US president's political vision but economists fear a global trade war.",
      "source": "serpapi",
      "timestamp": "2025-04-26T04:23:25.644685",
      "sentiment": "neutral"
    },
    {
      "topic": "trade tariffs",
      "title": "Trump tariffs live updates: China eases some US ...",
      "url": "https://finance.yahoo.com/news/live/trump-tariffs-live-updates-china-pushes-back-as-trump-claims-progress-on-trade-talks-191201016.html",
      "snippet": "China in recent weeks has raised duties on imports of US goods to 125% from 84%, while US tariffs on Chinese imports have ballooned to, on most ...",
      "source": "serpapi",
      "timestamp": "2025-04-26T04:23:25.644759",
      "sentiment": "neutral"
    },
    {
      "topic": "trade tariffs",
      "title": "Fact Sheet: President Donald J. Trump Declares National ...",
      "url": "https://www.whitehouse.gov/fact-sheets/2025/04/fact-sheet-president-donald-j-trump-declares-national-emergency-to-increase-our-competitive-edge-protect-our-sovereignty-and-strengthen-our-national-and-economic-security/",
      "snippet": "Monetary tariffs and non-monetary tariffs are two distinct types of trade barriers that governments use to regulate imports and exports. ...",
      "source": "serpapi",
      "timestamp": "2025-04-26T04:23:25.644803",
      "sentiment": "neutral"
    },
    {
      "topic": "trade tariffs",
      "title": "Could South America benefit from Trump's trade tariffs?",
      "url": "https://www.bbc.com/news/articles/c5yrgpwg545o",
      "snippet": "The US's huge tariffs on Chinese goods, and China's retaliatory 125% on US imports, may create opportunities for South American exporters. For ...",
      "source": "serpapi",
      "timestamp": "2025-04-26T04:23:25.644841",
      "sentiment": "positive"
    },
    {
      "topic": "trade tariffs",
      "title": "Reciprocal Tariff Calculations",
      "url": "https://ustr.gov/issue-areas/reciprocal-tariff-calculations",
      "snippet": "Reciprocal tariffs are calculated as the tariff rate necessary to balance bilateral trade deficits between the U.S. and each of our trading partners. This ...",
      "source": "serpapi",
      "timestamp": "2025-04-26T04:23:25.644878",
      "sentiment": "neutral"
    },
    {
      "topic": "trade tariffs",
      "title": "Trump 2.0 tariff tracker | Trade Compliance ...",
      "url": "https://www.tradecomplianceresourcehub.com/2025/04/24/trump-2-0-tariff-tracker/",
      "snippet": "Mar. 24, 2025: President Trump signed an executive order granting the Secretary of State discretion to impose a 25% tariff on imports of goods ...",
      "source": "serpapi",
      "timestamp": "2025-04-26T04:23:25.644915",
      "sentiment": "neutral"
    },
    {
      "topic": "trade tariffs",
      "title": "Regulating Imports with a Reciprocal Tariff to Rectify Trade ...",
      "url": "https://www.whitehouse.gov/presidential-actions/2025/04/regulating-imports-with-a-reciprocal-tariff-to-rectify-trade-practices-that-contribute-to-large-and-persistent-annual-united-states-goods-trade-deficits/",
      "snippet": "For example, the United States imposes a 2.5 percent tariff on passenger vehicle imports (with internal combustion engines), while the European ...",
      "source": "serpapi",
      "timestamp": "2025-04-26T04:23:25.644952",
      "sentiment": "neutral"
    },
    {
      "topic": "economic sanctions",
      "title": "What Are Economic Sanctions?",
      "url": "https://www.cfr.org/backgrounder/what-are-economic-sanctions",
      "snippet": "Economic sanctions are defined as the withdrawal of customary trade and financial relations for foreign- and security-policy purposes.",
      "source": "serpapi",
      "timestamp": "2025-04-26T04:23:26.266886",
      "sentiment": "neutral"
    },
    {
      "topic": "economic sanctions",
      "title": "Sanctions Programs and Country Information",
      "url": "https://ofac.treasury.gov/sanctions-programs-and-country-information",
      "snippet": "The sanctions can be either comprehensive or selective, using the blocking of assets and trade restrictions to accomplish foreign policy and national security ...",
      "source": "serpapi",
      "timestamp": "2025-04-26T04:23:26.266968",
      "sentiment": "positive"
    },
    {
      "topic": "economic sanctions",
      "title": "Economic Sanctions: An Overview",
      "url": "https://www.usitc.gov/sites/default/files/publications/332/executive_briefings/ebot_economic_sanctions_overview.pdf",
      "snippet": "Definition. Economic sanctions (hereunder, \u201csanctions\u201d) are often defined as \u201c...the deliberate, government- inspired withdrawal, or threat of withdrawal, ...",
      "source": "serpapi",
      "timestamp": "2025-04-26T04:23:26.267007",
      "sentiment": "neutral"
    },
    {
      "topic": "economic sanctions",
      "title": "Evidence on the Costs and Benefits of Economic Sanctions",
      "url": "https://www.piie.com/commentary/testimonies/evidence-costs-and-benefits-economic-sanctions",
      "snippet": "The sanctions are imposed quickly and decisively to maximize impact. The average cost to the target as a percentage of GNP in success cases was 2.4 percent and ...",
      "source": "serpapi",
      "timestamp": "2025-04-26T04:23:26.267045",
      "sentiment": "positive"
    },
    {
      "topic": "economic sanctions",
      "title": "Economic Sanctions Policy and Implementation",
      "url": "https://www.state.gov/economic-sanctions-policy-and-implementation/",
      "snippet": "The Office of Economic Sanctions Policy and Implementation (TFS/SPI) maintains and enforces sanctions to maximize their economic impact on our targets and ...",
      "source": "serpapi",
      "timestamp": "2025-04-26T04:23:26.267081",
      "sentiment": "neutral"
    },
    {
      "topic": "economic sanctions",
      "title": "US Economic Sanctions: Their Impact on Trade, Jobs, and ...",
      "url": "https://www.piie.com/publications/working-papers/us-economic-sanctions-their-impact-trade-jobs-and-wages",
      "snippet": "The OECD results suggest that extensive sanctions lower exports by 78 percent, while limited to modest sanctions reduce exports by 21 percent to 33 percent.",
      "source": "serpapi",
      "timestamp": "2025-04-26T04:23:26.267118",
      "sentiment": "neutral"
    },
    {
      "topic": "economic sanctions",
      "title": "Are Economic Sanctions Effective Foreign Policy Tools?",
      "url": "https://now.tufts.edu/2024/07/08/are-economic-sanctions-effective-foreign-policy-tools",
      "snippet": "Economic sanctions are increasingly used to try to change foreign governments policies and actions, often with unintended consequences.",
      "source": "serpapi",
      "timestamp": "2025-04-26T04:23:26.267155",
      "sentiment": "neutral"
    }
  ],
  "total_posts_analyzed": 49
}