{
  "timestamp": "2025-04-23T10:41:06.110982",
  "symbol": "BTC",
  "average_sentiment_score": 0.0,
  "fear_greed_index": [
    {
      "value": 72,
      "classification": "Greed",
      "timestamp_unix": 1745366400,
      "datetime": "2025-04-23T00:00:00"
    }
  ],
  "dxy_strength_score": null,
  "macro_news_sentiment": [
    {
      "title": "Transport Secretary acts to make thousands of extra driving tests available each month",
      "url": "https://www.gov.uk/government/announcements",
      "country": "UK",
      "source": "government",
      "scraped_at": "2025-04-23T10:40:24.497903",
      "sentiment": "neutral"
    },
    {
      "title": "Lord Collins of Highbury, UK Minister for Africa visits Uganda",
      "url": "https://www.gov.uk/government/announcements",
      "country": "UK",
      "source": "government",
      "scraped_at": "2025-04-23T10:40:24.497949",
      "sentiment": "neutral"
    },
    {
      "title": "Planning reforms to slash a year off infrastructure delivery",
      "url": "https://www.gov.uk/government/announcements",
      "country": "UK",
      "source": "government",
      "scraped_at": "2025-04-23T10:40:24.497964",
      "sentiment": "neutral"
    },
    {
      "title": "Anniversary Statement: De Havilland Canada DHC-8-402, 9H-LWB",
      "url": "https://www.gov.uk/government/announcements",
      "country": "UK",
      "source": "government",
      "scraped_at": "2025-04-23T10:40:24.497978",
      "sentiment": "neutral"
    },
    {
      "title": "Letter to the Prime Minister on incentivising private investment in climate adaptation and resilience",
      "url": "https://www.gov.uk/government/announcements",
      "country": "UK",
      "source": "government",
      "scraped_at": "2025-04-23T10:40:24.497991",
      "sentiment": "neutral"
    },
    {
      "title": "Sheffield payroll director banned after company went into liquidation with \u00a32.5 million VAT bill",
      "url": "https://www.gov.uk/government/announcements",
      "country": "UK",
      "source": "government",
      "scraped_at": "2025-04-23T10:40:24.498005",
      "sentiment": "neutral"
    },
    {
      "title": "Reeves: I will always act to defend British interests",
      "url": "https://www.gov.uk/government/announcements",
      "country": "UK",
      "source": "government",
      "scraped_at": "2025-04-23T10:40:24.498019",
      "sentiment": "neutral"
    },
    {
      "title": "PM remarks at St George's Day reception: 22 April 2025",
      "url": "https://www.gov.uk/government/announcements",
      "country": "UK",
      "source": "government",
      "scraped_at": "2025-04-23T10:40:24.498033",
      "sentiment": "neutral"
    },
    {
      "title": "Breakthrough in bowel cancer research will speed up diagnosis",
      "url": "https://www.gov.uk/government/announcements",
      "country": "UK",
      "source": "government",
      "scraped_at": "2025-04-23T10:40:24.498046",
      "sentiment": "neutral"
    },
    {
      "title": "\u00a310 million boost to employment support in Wales to Get Britain Working again",
      "url": "https://www.gov.uk/government/announcements",
      "country": "UK",
      "source": "government",
      "scraped_at": "2025-04-23T10:40:24.498060",
      "sentiment": "neutral"
    },
    {
      "topic": "global economy",
      "title": "The Global Economy Enters a New Era",
      "url": "https://www.imf.org/en/Blogs/Articles/2025/04/22/the-global-economy-enters-a-new-era",
      "snippet": "The global economic system under which most countries have operated for the last 80 years is being reset, ushering the world into a new era.",
      "source": "serpapi",
      "timestamp": "2025-04-23T10:40:26.884902",
      "sentiment": "neutral"
    },
    {
      "topic": "global economy",
      "title": "Global economy, world economy | TheGlobalEconomy.com",
      "url": "https://www.theglobaleconomy.com/",
      "snippet": "Information on the global economy with data on over 400 indicators, updated regularly, for over 200 countries as well as interactive tools, articles, ...",
      "source": "serpapi",
      "timestamp": "2025-04-23T10:40:26.884983",
      "sentiment": "neutral"
    },
    {
      "topic": "global economy",
      "title": "World economy",
      "url": "https://en.wikipedia.org/wiki/World_economy",
      "snippet": "The world economy or global economy is the economy of all humans in the world, referring to the global economic system.",
      "source": "serpapi",
      "timestamp": "2025-04-23T10:40:26.885024",
      "sentiment": "neutral"
    },
    {
      "topic": "global economy",
      "title": "Global Economy",
      "url": "https://www.ft.com/global-economy",
      "snippet": "News and top stories on the state of the global economy. The latest economic data, reports and updates from countries around the world, on jobs, trade, ...",
      "source": "serpapi",
      "timestamp": "2025-04-23T10:40:26.885064",
      "sentiment": "positive"
    },
    {
      "topic": "global economy",
      "title": "How does the global economy work?",
      "url": "https://www.edology.com/blog/accounting-finance/how-does-global-economy-work/",
      "snippet": "The global economy refers to the interconnected worldwide economic activities that take place between multiple countries. These economic activities can have ...",
      "source": "serpapi",
      "timestamp": "2025-04-23T10:40:26.885103",
      "sentiment": "neutral"
    },
    {
      "topic": "global economy",
      "title": "Global Economic Prospects",
      "url": "https://www.worldbank.org/en/publication/global-economic-prospects",
      "snippet": "Global growth is expected to hold steady at 2.7 percent in 2025-26. However, the global economy appears to be settling at a low growth rate.",
      "source": "serpapi",
      "timestamp": "2025-04-23T10:40:26.885143",
      "sentiment": "neutral"
    },
    {
      "topic": "global economy",
      "title": "Global Economy Set for Slowdown as Tariffs Herald New ...",
      "url": "https://www.wsj.com/economy/global/global-economy-set-for-slowdown-as-tariffs-herald-new-era-imf-says-e54d6496",
      "snippet": "The IMF said tariff increases mark a new era, slowing economies and impacting the U.S. significantly. The IMF lowered its global growth forecast ...",
      "source": "serpapi",
      "timestamp": "2025-04-23T10:40:26.885183",
      "sentiment": "positive"
    },
    {
      "topic": "global economy",
      "title": "Global economy",
      "url": "https://www.theguardian.com/business/global-economy",
      "snippet": "Latest news, sport, business, comment, analysis and reviews from the Guardian, the world's leading liberal voice.",
      "source": "serpapi",
      "timestamp": "2025-04-23T10:40:26.885235",
      "sentiment": "neutral"
    },
    {
      "topic": "geopolitical tensions",
      "title": "Top Geopolitical Risks of 2025",
      "url": "https://www.spglobal.com/en/research-insights/market-insights/geopolitical-risk",
      "snippet": "The world is changing. Geopolitical fragmentation is being fueled by COVID-19, the war in Ukraine, U.S.-China relations and more.",
      "source": "serpapi",
      "timestamp": "2025-04-23T10:40:30.733292",
      "sentiment": "negative"
    },
    {
      "topic": "geopolitical tensions",
      "title": "How are geopolitical risks affecting the world economy?",
      "url": "https://www.economicsobservatory.com/how-are-geopolitical-risks-affecting-the-world-economy",
      "snippet": "Geopolitical risks posed by elections, polarisation and conflicts within and between states have inevitable knock-on effects on the economy, both globally and ...",
      "source": "serpapi",
      "timestamp": "2025-04-23T10:40:30.733366",
      "sentiment": "neutral"
    },
    {
      "topic": "geopolitical tensions",
      "title": "How Geopolitical Risks Influence the Global Community",
      "url": "https://geopoliticalfutures.com/risk/",
      "snippet": "Geopolitical risks are defined as the potential political, economic, military, and social risks that can emerge from a nation's involvement in international ...",
      "source": "serpapi",
      "timestamp": "2025-04-23T10:40:30.733393",
      "sentiment": "neutral"
    },
    {
      "topic": "geopolitical tensions",
      "title": "Geopolitical Risk Dashboard | BlackRock Investment Institute",
      "url": "https://www.blackrock.com/corporate/insights/blackrock-investment-institute/interactive-charts/geopolitical-risk-dashboard",
      "snippet": "Tensions escalate meaningfully over Taiwan or in the South China Sea. High, U.S.-China military tensions are poised to escalate, in our view.",
      "source": "serpapi",
      "timestamp": "2025-04-23T10:40:30.733419",
      "sentiment": "negative"
    },
    {
      "topic": "geopolitical tensions",
      "title": "Geopolitical tensions - (AP World History",
      "url": "https://library.fiveable.me/key-terms/ap-world/geopolitical-tensions",
      "snippet": "Geopolitical tensions refer to conflicts and rivalries between nations or regions that arise from their geographical, political, and economic interests.",
      "source": "serpapi",
      "timestamp": "2025-04-23T10:40:30.733444",
      "sentiment": "neutral"
    },
    {
      "topic": "geopolitical tensions",
      "title": "Top geopolitical risks 2025",
      "url": "https://kpmg.com/xx/en/our-insights/risk-and-regulation/top-risks-forecast-2025.html",
      "snippet": "Geopolitical rivalries, trade protectionism, conflict, competition for resources, cyberattacks and climate events place severe strains on ...",
      "source": "serpapi",
      "timestamp": "2025-04-23T10:40:30.733468",
      "sentiment": "neutral"
    },
    {
      "topic": "geopolitical tensions",
      "title": "US-China Tensions: A Modern 'Great Game'",
      "url": "https://www.geopoliticalmonitor.com/us-china-tensions-a-modern-great-game/",
      "snippet": "Contemporary US-China tensions are often likened to the Cold War competition between the United States and the USSR.",
      "source": "serpapi",
      "timestamp": "2025-04-23T10:40:30.733492",
      "sentiment": "negative"
    },
    {
      "topic": "geopolitical tensions",
      "title": "Beyond borders: Assessing the influence of Geopolitical ...",
      "url": "https://www.sciencedirect.com/science/article/pii/S0176268024000521",
      "snippet": "We find that geopolitical tensions and global uncertainty in border countries contribute to the rise of European country's sovereign risk.",
      "source": "serpapi",
      "timestamp": "2025-04-23T10:40:30.733516",
      "sentiment": "neutral"
    },
    {
      "topic": "geopolitical tensions",
      "title": "Geopolitical conflict and its impact on global markets",
      "url": "https://www.usbank.com/investing/financial-perspectives/market-news/russia-ukraine-global-market.html",
      "snippet": "Increasing global tensions tied to trade tensions and ongoing geopolitical conflicts contributed to investor uncertainty about near-term ...",
      "source": "serpapi",
      "timestamp": "2025-04-23T10:40:30.733540",
      "sentiment": "neutral"
    },
    {
      "topic": "geopolitical tensions",
      "title": "Geopolitical Monitor",
      "url": "https://www.geopoliticalmonitor.com/",
      "snippet": "This week we cover the latest negotiations and geopolitical ripples from Trump tariffs in Europe and Asia; Russia's outsize role in Iran nuclear negotiations; ...",
      "source": "serpapi",
      "timestamp": "2025-04-23T10:40:30.733565",
      "sentiment": "neutral"
    },
    {
      "topic": "crypto adoption",
      "title": "2024 Global Crypto Adoption Index",
      "url": "https://www.chainalysis.com/blog/2024-global-crypto-adoption-index/",
      "snippet": "In each year's report, we look at both on- and off-chain data to determine which countries are leading the world in grassroots crypto adoption.",
      "source": "serpapi",
      "timestamp": "2025-04-23T10:40:41.245935",
      "sentiment": "neutral"
    },
    {
      "topic": "crypto adoption",
      "title": "Cryptocurrency Ownership Data - Triple-A",
      "url": "https://www.triple-a.io/cryptocurrency-ownership-data",
      "snippet": "As of 2024, we estimated global cryptocurrency ownership rates at an average of 6.8%, with over 560 million cryptocurrencies users worldwide.",
      "source": "serpapi",
      "timestamp": "2025-04-23T10:40:41.246016",
      "sentiment": "neutral"
    },
    {
      "topic": "crypto adoption",
      "title": "2025 Cryptocurrency Adoption and Consumer Sentiment ...",
      "url": "https://www.security.org/digital-security/cryptocurrency-annual-consumer-report/",
      "snippet": "Ownership rates are likely to accelerate this year. According to our research, 14 percent of non-owners plan to enter the crypto market in 2025, ...",
      "source": "serpapi",
      "timestamp": "2025-04-23T10:40:41.246055",
      "sentiment": "neutral"
    },
    {
      "topic": "crypto adoption",
      "title": "2024 Crypto Adoption and Illicit Exposure Report",
      "url": "https://www.trmlabs.com/resources/reports/2024-crypto-adoption-and-illicit-activity-report",
      "snippet": "The 2024 Crypto Adoption and Illicit Exposure Report report examines the shifts and trends shaping cryptocurrency adoption around the world.",
      "source": "serpapi",
      "timestamp": "2025-04-23T10:40:41.246092",
      "sentiment": "neutral"
    },
    {
      "topic": "crypto adoption",
      "title": "The 2023 Global Crypto Adoption Index",
      "url": "https://www.chainalysis.com/blog/2023-global-crypto-adoption-index/",
      "snippet": "The goal of the index is simple: We combine on-chain data and real-world data to measure which countries are leading the world in grassroots crypto adoption.",
      "source": "serpapi",
      "timestamp": "2025-04-23T10:40:41.246128",
      "sentiment": "neutral"
    },
    {
      "topic": "crypto adoption",
      "title": "Crypto Adoption Index | Crypto Wealth Report",
      "url": "https://www.henleyglobal.com/publications/crypto-wealth-report/crypto-adoption-index",
      "snippet": "The Crypto Adoption Index assesses investment migration options for crypto investors who want to craft a portfolio of alternative residence permits and ...",
      "source": "serpapi",
      "timestamp": "2025-04-23T10:40:41.246166",
      "sentiment": "neutral"
    },
    {
      "topic": "crypto adoption",
      "title": "Cryptocurrency Ownership Data - Triple-A",
      "url": "https://www.triple-a.io/cryptocurrency-ownership-data/cryptocurrency-ownership-data",
      "snippet": "As of 2024, we estimated global cryptocurrency ownership rates at an average of 6.8%, with over 560 million cryptocurrencies users worldwide.",
      "source": "serpapi",
      "timestamp": "2025-04-23T10:40:41.246202",
      "sentiment": "neutral"
    },
    {
      "topic": "crypto adoption",
      "title": "Economic freedom or crypto-colonialism? Materialities of ...",
      "url": "https://www.sciencedirect.com/science/article/abs/pii/S0016718524000411",
      "snippet": "On September 7th, 2021, El Salvador became the first nation in the world to adopt Bitcoin as legal tender, opening up its rapidly developing coast to a new form ...",
      "source": "serpapi",
      "timestamp": "2025-04-23T10:40:41.246296",
      "sentiment": "positive"
    },
    {
      "topic": "crypto ban",
      "title": "Legality of cryptocurrency by country or territory",
      "url": "https://en.wikipedia.org/wiki/Legality_of_cryptocurrency_by_country_or_territory",
      "snippet": "Afghanistan. Illegal. In August 2022 Taliban banned trading in cryptocurrencies. \u00b7 Kyrgyzstan. Legal. Bitcoin is considered a commodity, not a security or ...",
      "source": "serpapi",
      "timestamp": "2025-04-23T10:40:50.483997",
      "sentiment": "negative"
    },
    {
      "topic": "crypto ban",
      "title": "China Set To Give Crypto Legal Recognition? Dumping of ...",
      "url": "https://finance.yahoo.com/news/china-set-crypto-legal-recognition-160114486.html",
      "snippet": "Despite a trading ban, Chinese local governments have reportedly been selling seized crypto assets through private companies. While mainland ...",
      "source": "serpapi",
      "timestamp": "2025-04-23T10:40:50.484096",
      "sentiment": "neutral"
    },
    {
      "topic": "crypto ban",
      "title": "Crypto Tracing, China's Crypto Ban, and Potential Global ...",
      "url": "https://www.thinkbrg.com/thinkset/ts-crypto-tracing-china-crypto-ban-global-regulation/",
      "snippet": "China has taken a particularly tough stance, banning cryptocurrency exchanges and ICOs in 2017. However, some reports suggest that the country is now exploring ...",
      "source": "serpapi",
      "timestamp": "2025-04-23T10:40:50.484184",
      "sentiment": "negative"
    },
    {
      "topic": "crypto ban",
      "title": "10 Countries Where Crypto Remains Banned in 2025",
      "url": "https://www.ccn.com/education/crypto/10-countries-where-crypto-remains-banned/",
      "snippet": "10 Countries Where Crypto Remains Banned in 2025 \u00b7 1. China \u00b7 2. Egypt \u00b7 3. Algeria \u00b7 4. Bangladesh \u00b7 5. Nepal \u00b7 6. Afghanistan \u00b7 7. Morocco \u00b7 8 ...",
      "source": "serpapi",
      "timestamp": "2025-04-23T10:40:50.484219",
      "sentiment": "neutral"
    },
    {
      "topic": "crypto ban",
      "title": "Banano price today, BAN to USD live price, marketcap ...",
      "url": "https://coinmarketcap.com/currencies/banano/",
      "snippet": "The live Banano price today is $0.001474 USD with a 24-hour trading volume of $4,911.84 USD. We update our BAN to USD price in real-time. Banano is up 12.12% in ...",
      "source": "serpapi",
      "timestamp": "2025-04-23T10:40:50.484252",
      "sentiment": "negative"
    },
    {
      "topic": "crypto ban",
      "title": "Why China had to \u201cBan\u201d Cryptocurrency but the U.S. did not",
      "url": "https://openscholarship.wustl.edu/law_globalstudies/vol18/iss2/9/",
      "snippet": "While China explicitly banned any exchange or financing activities between fiat money and \u201ccoin substitution\u201d in 2017, the US has placed cryptocurrencies ...",
      "source": "serpapi",
      "timestamp": "2025-04-23T10:40:50.484285",
      "sentiment": "neutral"
    },
    {
      "topic": "crypto ban",
      "title": "Crypto Ban",
      "url": "https://www.coindesk.com/tag/crypto-ban",
      "snippet": "Russia's central bank said in a report released Thursday the country must make crypto trading, mining, and usage illegal. CoinDesk reporter Anna Baydakova ...",
      "source": "serpapi",
      "timestamp": "2025-04-23T10:40:50.484317",
      "sentiment": "negative"
    },
    {
      "topic": "crypto regulation",
      "title": "Cryptocurrency Regulation: A Guide to U.S. & Global Policies",
      "url": "https://www.britannica.com/money/cryptocurrency-regulation",
      "snippet": "Regulations for crypto are the legal and procedural frameworks that governments enact to shape many different aspects of digital assets.",
      "source": "serpapi",
      "timestamp": "2025-04-23T10:40:51.836602",
      "sentiment": "positive"
    },
    {
      "topic": "crypto regulation",
      "title": "Recent Developments Raise Significant Questions about ...",
      "url": "https://www.moneylaunderingnews.com/2025/03/recent-developments-raise-significant-questions-about-the-future-of-regulation-and-enforcement-of-cryptocurrency/",
      "snippet": "Clearing Agencies and Transfer Agents: The Task Force hopes to improve the intersection of crypto, clearing agency and transfer rules.",
      "source": "serpapi",
      "timestamp": "2025-04-23T10:40:51.836692",
      "sentiment": "neutral"
    },
    {
      "topic": "crypto regulation",
      "title": "Crypto Task Force",
      "url": "https://www.sec.gov/about/crypto-task-force",
      "snippet": "The Crypto Task Force will help to draw clear regulatory lines, appropriately distinguish securities from non-securities, craft tailored disclosure frameworks, ...",
      "source": "serpapi",
      "timestamp": "2025-04-23T10:40:51.836732",
      "sentiment": "positive"
    },
    {
      "topic": "crypto regulation",
      "title": "Regulating crypto: Why, how, and who | ...",
      "url": "https://www.brookings.edu/collection/regulating-crypto-why-how-and-who/",
      "snippet": "Allen cautioned against bringing crypto into the regulatory system for fear of giving investors false guarantees around the quality of these assets and markets.",
      "source": "serpapi",
      "timestamp": "2025-04-23T10:40:51.836770",
      "sentiment": "neutral"
    },
    {
      "topic": "crypto regulation",
      "title": "How are Cryptocurrencies Regulated in the U.S. and the EU?",
      "url": "https://www.dowjones.com/professional/risk/glossary/cryptocurrency/us-eu-regulation/",
      "snippet": "Many countries are starting to collect taxes on capital gains and crack down on financial crimes in the cryptocurrency space.",
      "source": "serpapi",
      "timestamp": "2025-04-23T10:40:51.836808",
      "sentiment": "neutral"
    },
    {
      "topic": "crypto regulation",
      "title": "What is next for crypto regulation in the US?",
      "url": "https://www.atlanticcouncil.org/blogs/econographics/what-is-next-for-crypto-regulation-in-the-us/",
      "snippet": "We dive into the dozen bills under consideration in Congress and zoom in on the three big themes for crypto regulation in 2025. The SEC vs ...",
      "source": "serpapi",
      "timestamp": "2025-04-23T10:40:51.836845",
      "sentiment": "neutral"
    },
    {
      "topic": "crypto regulation",
      "title": "Digital assets | Internal Revenue Service",
      "url": "https://www.irs.gov/filing/digital-assets",
      "snippet": "You may have to report transactions with digital assets such as cryptocurrency and non fungible tokens (NFTs) on your tax return.",
      "source": "serpapi",
      "timestamp": "2025-04-23T10:40:51.836883",
      "sentiment": "neutral"
    },
    {
      "topic": "SEC ruling crypto",
      "title": "Crypto Assets",
      "url": "https://www.sec.gov/securities-topics/crypto-assets",
      "snippet": "To settle the SEC's charges, Nexo agreed to pay a $22.5 million penalty and cease its unregistered offer and sale of the EIP to U.S. investors. 1/19/2023. SEC v ...",
      "source": "serpapi",
      "timestamp": "2025-04-23T10:40:53.230716",
      "sentiment": "neutral"
    },
    {
      "topic": "SEC ruling crypto",
      "title": "Crypto Task Force",
      "url": "https://www.sec.gov/about/crypto-task-force",
      "snippet": "The Crypto Task Force seeks to provide clarity on the application of the federal securities laws to the crypto asset market and to recommend practical policy ...",
      "source": "serpapi",
      "timestamp": "2025-04-23T10:40:53.230803",
      "sentiment": "neutral"
    },
    {
      "topic": "SEC ruling crypto",
      "title": "Offerings and Registrations of Securities in the Crypto ...",
      "url": "https://www.sec.gov/newsroom/speeches-statements/cf-crypto-securities-041025",
      "snippet": "SEC rules require a discussion of the material factors that make an investment in the registrant or the offering speculative or risky.[14] In ...",
      "source": "serpapi",
      "timestamp": "2025-04-23T10:40:53.230843",
      "sentiment": "neutral"
    },
    {
      "topic": "SEC ruling crypto",
      "title": "SEC Withdraws from Prominent Crypto Enforcement Amid ...",
      "url": "https://www.consumerfinanceandfintechblog.com/2025/02/sec-withdraws-from-prominent-crypto-enforcement-amid-regulatory-shift/",
      "snippet": "The SEC filed its enforcement action against Coinbase in June 2023 under former-Chair Gary Gensler, alleging that the crypto platform violated ...",
      "source": "serpapi",
      "timestamp": "2025-04-23T10:40:53.230881",
      "sentiment": "neutral"
    },
    {
      "topic": "SEC ruling crypto",
      "title": "Cyber, Crypto Assets and Emerging Technology",
      "url": "https://www.sec.gov/about/divisions-offices/division-enforcement/cyber-crypto-assets-emerging-technology",
      "snippet": "The SEC's Crypto Task Force seeks to help the Commission provide clarity on the application of the federal securities laws to the crypto asset ...",
      "source": "serpapi",
      "timestamp": "2025-04-23T10:40:53.230919",
      "sentiment": "neutral"
    },
    {
      "topic": "SEC ruling crypto",
      "title": "SEC Says Bitcoin is NOT a Security | Cryptocurrency Law",
      "url": "https://gordonlaw.com/learn/sec-says-bitcoin-not-security/",
      "snippet": "The U.S. Securities and Exchange Commission declared that Bitcoin is not a security. Jump in to learn more about the decision and its industry impact.",
      "source": "serpapi",
      "timestamp": "2025-04-23T10:40:53.230957",
      "sentiment": "neutral"
    },
    {
      "topic": "SEC ruling crypto",
      "title": "SEC repeals controversial crypto accounting rules for banks",
      "url": "https://bankingjournal.aba.com/2025/01/sec-repeals-controversial-crypto-accounting-rules-for-banks/",
      "snippet": "SAB 121, published in 2022, required SEC registrants to record an obligation to safeguard the crypto assets that they hold at the fair value of ...",
      "source": "serpapi",
      "timestamp": "2025-04-23T10:40:53.230995",
      "sentiment": "positive"
    },
    {
      "topic": "SEC ruling crypto",
      "title": "SEC vs. Ripple: A Turning Point for US Crypto Regulation?",
      "url": "https://gordonlaw.com/learn/sec-turning-point-crypto-regulation/",
      "snippet": "In 2024, the SEC intensified its regulatory crackdown, issuing Wells notices and initiating enforcement actions against cryptocurrency firms like Crypto.com, ...",
      "source": "serpapi",
      "timestamp": "2025-04-23T10:40:53.231032",
      "sentiment": "neutral"
    },
    {
      "topic": "court decision cryptocurrency",
      "title": "Crypto in the Courts: Five Cases Reshaping Digital Asset ...",
      "url": "https://katten.com/crypto-in-the-courts-five-cases-reshaping-digital-asset-regulation-in-2025",
      "snippet": "This article examines five cases that may define the future of digital asset regulation in the United States and sets out the issues at stake in those cases.",
      "source": "serpapi",
      "timestamp": "2025-04-23T10:40:54.925876",
      "sentiment": "neutral"
    },
    {
      "topic": "court decision cryptocurrency",
      "title": "Block Earner Wins Appeal: Court Dismisses Need for ...",
      "url": "https://www.financemagnates.com/cryptocurrency/block-earner-wins-appeal-court-dismisses-need-for-financial-services-licence/",
      "snippet": "The Full Federal Court has overturned a lower court's decision against Block Earner. With the latest ruling, ASIC cannot pursue any penalties ...",
      "source": "serpapi",
      "timestamp": "2025-04-23T10:40:54.925952",
      "sentiment": "negative"
    },
    {
      "topic": "court decision cryptocurrency",
      "title": "Third Circuit Coinbase Decision Pressures SEC on Crypto ...",
      "url": "https://www.ropesgray.com/en/insights/alerts/2025/01/third-circuit-coinbase-decision-pressures-sec-on-crypto-rulemaking",
      "snippet": "Court's Findings \u00b7 The SEC's disagreement with Coinbase on the application of existing securities laws to digital assets was not well-reasoned.",
      "source": "serpapi",
      "timestamp": "2025-04-23T10:40:54.925991",
      "sentiment": "neutral"
    },
    {
      "topic": "court decision cryptocurrency",
      "title": "Cryptocurrency, Sweepstakes, and the Supreme Court",
      "url": "https://www.consumerfinancialserviceslawmonitor.com/2024/05/cryptocurrency-sweepstakes-and-the-supreme-court-a-tale-of-two-contracts/",
      "snippet": "The decision teaches a cautionary lesson that parties with multiple contracts between them must keep issues of arbitrability consistent between the contracts.",
      "source": "serpapi",
      "timestamp": "2025-04-23T10:40:54.926028",
      "sentiment": "positive"
    },
    {
      "topic": "court decision cryptocurrency",
      "title": "Court Publishes Decision on Mandatory Arbitration Provisions ...",
      "url": "https://consumerlaw.berkeley.edu/news/court-publishes-decision-mandatory-arbitration-provisions-crypto-industry-and-beyond",
      "snippet": "The opinion establishes a clear blueprint for how to successfully bring claims against abusive cryptocurrency companies for violating consumer ...",
      "source": "serpapi",
      "timestamp": "2025-04-23T10:40:54.926066",
      "sentiment": "negative"
    },
    {
      "topic": "court decision cryptocurrency",
      "title": "precedential",
      "url": "https://www2.ca3.uscourts.gov/opinarch/233202p.pdf",
      "snippet": "At a minimum, the SEC claimed that a digital asset is a security, and thus subject to the federal securities laws, if it is an \u201cinvestment ...",
      "source": "serpapi",
      "timestamp": "2025-04-23T10:40:54.926103",
      "sentiment": "neutral"
    },
    {
      "topic": "court decision cryptocurrency",
      "title": "Crypto's court docket in 2025 is packed with big cases",
      "url": "https://www.dlnews.com/articles/regulation/crypto-court-docket-in-2025-is-packed-with-big-cases/",
      "snippet": "Some of the most important court cases facing crypto developers and companies have come from other agencies such as the US Justice Department.",
      "source": "serpapi",
      "timestamp": "2025-04-23T10:40:54.926139",
      "sentiment": "positive"
    },
    {
      "topic": "court decision cryptocurrency",
      "title": "The SEC May Signal New Crypto Enforcement Approach In ...",
      "url": "https://omm.com/insights/alerts-publications/the-sec-may-signal-new-crypto-enforcement-approach-in-upcoming-court-filing/",
      "snippet": "The district court in SEC v. Coinbase found that the digital asset industry did not have the required significance. ... But Coinbase has appealed ...",
      "source": "serpapi",
      "timestamp": "2025-04-23T10:40:54.926177",
      "sentiment": "neutral"
    },
    {
      "topic": "gold price",
      "title": "Gold Price Charts & Historical Data - GoldPrice.org",
      "url": "https://goldprice.org/",
      "snippet": "GOLDPRICE.ORG - The No. 1 gold price site for fast loading live gold price charts in ounces, grams and kilos in every national currency in the world.",
      "source": "serpapi",
      "timestamp": "2025-04-23T10:40:56.653419",
      "sentiment": "negative"
    },
    {
      "topic": "gold price",
      "title": "Price of Gold Per Ounce | 24 Hour Spot Chart",
      "url": "https://www.kitco.com/charts/gold",
      "snippet": "Live Gold Charts and Gold Spot Price from International Gold Markets, Prices from New York, London, Hong Kong and Sydney provided by Kitco.",
      "source": "serpapi",
      "timestamp": "2025-04-23T10:40:56.653496",
      "sentiment": "neutral"
    },
    {
      "topic": "gold price",
      "title": "Gold touches fresh weekly low, below $3300 amid easing ...",
      "url": "https://www.fxstreet.com/news/gold-price-shows-signs-of-bullish-exhaustion-amid-positive-turnaround-in-risk-sentiment-202504230346",
      "snippet": "Gold price touches fresh weekly low, below $3,300 amid easing US-China trade tensions \u00b7 Gold price moves away from the all-time peak touched on ...",
      "source": "serpapi",
      "timestamp": "2025-04-23T10:40:56.653536",
      "sentiment": "negative"
    },
    {
      "topic": "gold price",
      "title": "Gold Price Chart. Spot and Physical ...",
      "url": "https://www.veracash.com/gold-price-and-chart",
      "snippet": "Today, the spot price for a gram of gold is \u20ac93.25 and US$106.13. The price per gram of GoldPremium gold is \u20ac97.54 and US$111.02 ...",
      "source": "serpapi",
      "timestamp": "2025-04-23T10:40:56.653573",
      "sentiment": "neutral"
    },
    {
      "topic": "gold price",
      "title": "Current Gold Spot Price and Gold Price Chart History",
      "url": "https://www.gainesvillecoins.com/charts/gold-spot-price?srsltid=AfmBOopJMKav6LIwl1hIlgDBn6r5-_YlIGnhdlUPIQiNJsxv2l3pxikn",
      "snippet": "Find gold prices now with the current gold spot price. View charts of the gold price history measured in gold prices per ounce.",
      "source": "serpapi",
      "timestamp": "2025-04-23T10:40:56.653610",
      "sentiment": "neutral"
    },
    {
      "topic": "gold price",
      "title": "Gold Rate Today (23rd Apr 2025), Gold Price in India",
      "url": "https://www.goodreturns.in/gold-rates/",
      "snippet": "The price of gold in India today is \u20b99,835 per gram for 24 karat gold, \u20b99,015 per gram for 22 karat gold and \u20b97,376 per gram for 18 karat gold (also called ...",
      "source": "serpapi",
      "timestamp": "2025-04-23T10:40:56.653647",
      "sentiment": "neutral"
    },
    {
      "topic": "central bank gold reserve",
      "title": "Central Banks Gold Reserves by Country",
      "url": "https://www.gold.org/goldhub/data/gold-reserves-by-country",
      "snippet": "Gold is an important component of central bank reserves because of its safety, liquidity and return characteristics \u2013 the three key investment ...",
      "source": "serpapi",
      "timestamp": "2025-04-23T10:40:58.015201",
      "sentiment": "positive"
    },
    {
      "topic": "central bank gold reserve",
      "title": "Gold reserve",
      "url": "https://en.wikipedia.org/wiki/Gold_reserve",
      "snippet": "A gold reserve is the gold held by a national central bank, intended mainly as a guarantee to redeem promises to pay depositors, note holders",
      "source": "serpapi",
      "timestamp": "2025-04-23T10:40:58.015287",
      "sentiment": "neutral"
    },
    {
      "topic": "central bank gold reserve",
      "title": "Top 10 Central Bank Gold Reserves | INN",
      "url": "https://investingnews.com/daily/resource-investing/precious-metals-investing/gold-investing/top-central-bank-gold-holdings/",
      "snippet": "Global central banks own about 17 percent of all the gold ever mined, with reserves topping 37,755 metric tons (MT) at the end of 2024. They ...",
      "source": "serpapi",
      "timestamp": "2025-04-23T10:40:58.015324",
      "sentiment": "neutral"
    },
    {
      "topic": "central bank gold reserve",
      "title": "Central banks stay bullish on bullion in January",
      "url": "https://www.gold.org/goldhub/gold-focus/2025/03/central-banks-stay-bullish-bullion-january",
      "snippet": "The Central Bank of Uzbekistan reported 8t net purchases in January, with its gold holdings totalling 391t or 82% of its reserves. Sustained ...",
      "source": "serpapi",
      "timestamp": "2025-04-23T10:40:58.015364",
      "sentiment": "neutral"
    },
    {
      "topic": "central bank gold reserve",
      "title": "Gold Reserves - Countries - List",
      "url": "https://tradingeconomics.com/country-list/gold-reserves",
      "snippet": "This page provides values for Gold Reserves reported in several countries. The table has current values for Gold Reserves, previous releases, historical highs ...",
      "source": "serpapi",
      "timestamp": "2025-04-23T10:40:58.015404",
      "sentiment": "neutral"
    },
    {
      "topic": "central bank gold reserve",
      "title": "Total reserves (includes gold, current US$)",
      "url": "https://data.worldbank.org/indicator/FI.RES.TOTL.CD",
      "snippet": "Total reserves minus gold (current US$), Bank liquid reserves to bank assets ratio (%), Bank nonperforming loans to total gross loans (%).",
      "source": "serpapi",
      "timestamp": "2025-04-23T10:40:58.015443",
      "sentiment": "neutral"
    },
    {
      "topic": "trade tariffs",
      "title": "Regulating Imports with a Reciprocal Tariff to Rectify Trade ...",
      "url": "https://www.whitehouse.gov/presidential-actions/2025/04/regulating-imports-with-a-reciprocal-tariff-to-rectify-trade-practices-that-contribute-to-large-and-persistent-annual-united-states-goods-trade-deficits/",
      "snippet": "For example, the United States imposes a 2.5 percent tariff on passenger vehicle imports (with internal combustion engines), while the European ...",
      "source": "serpapi",
      "timestamp": "2025-04-23T10:41:01.214203",
      "sentiment": "neutral"
    },
    {
      "topic": "trade tariffs",
      "title": "Donald Trump Tarriff News Live Updates: India, US to hold ...",
      "url": "https://timesofindia.indiatimes.com/world/us/donald-trump-tariffs-news-live-updates-china-xi-jinping-us-stock-market-canada-india-uk-import-taxes-harvard-university/liveblog/120532745.cms",
      "snippet": "The United States Trade Representative has outlined objectives including enhanced market access, lower tariffs, reduction of non-tariff barriers ...",
      "source": "serpapi",
      "timestamp": "2025-04-23T10:41:01.214324",
      "sentiment": "neutral"
    },
    {
      "topic": "trade tariffs",
      "title": "US Treasury secretary says trade war with China is not ' ...",
      "url": "https://apnews.com/article/tariffs-trade-taxes-trump-china-bessent-treasury-66668fa26957ece530a250fa8ea19faa",
      "snippet": "U.S. Treasury Secretary Scott Bessent said in a Tuesday speech that the ongoing tariffs showdown with China is unsustainable and expects a ...",
      "source": "serpapi",
      "timestamp": "2025-04-23T10:41:01.214348",
      "sentiment": "neutral"
    },
    {
      "topic": "trade tariffs",
      "title": "Trump tariffs live updates: Bessent hints at deescalation ...",
      "url": "https://finance.yahoo.com/news/live/trump-tariffs-live-updates-bessent-hints-at-deescalation-with-china-as-us-india-progress-on-trade-deal-191201812.html",
      "snippet": "President Trump has given his administration and trade partners 90 days to work out trade deals before steeper reciprocal tariffs resume.",
      "source": "serpapi",
      "timestamp": "2025-04-23T10:41:01.214366",
      "sentiment": "neutral"
    },
    {
      "topic": "trade tariffs",
      "title": "Fact Sheet: President Donald J. Trump Declares National ...",
      "url": "https://www.whitehouse.gov/fact-sheets/2025/04/fact-sheet-president-donald-j-trump-declares-national-emergency-to-increase-our-competitive-edge-protect-our-sovereignty-and-strengthen-our-national-and-economic-security/",
      "snippet": "Monetary tariffs and non-monetary tariffs are two distinct types of trade barriers that governments use to regulate imports and exports. ...",
      "source": "serpapi",
      "timestamp": "2025-04-23T10:41:01.214385",
      "sentiment": "neutral"
    },
    {
      "topic": "trade tariffs",
      "title": "Reciprocal Tariff Calculations",
      "url": "https://ustr.gov/issue-areas/reciprocal-tariff-calculations",
      "snippet": "Reciprocal tariffs are calculated as the tariff rate necessary to balance bilateral trade deficits between the U.S. and each of our trading partners. This ...",
      "source": "serpapi",
      "timestamp": "2025-04-23T10:41:01.214402",
      "sentiment": "neutral"
    },
    {
      "topic": "trade tariffs",
      "title": "What are tariffs and why is Trump using them?",
      "url": "https://www.bbc.com/news/articles/cn93e12rypgo",
      "snippet": "Tariffs are a key part of the US president's political vision but economists fear a global trade war.",
      "source": "serpapi",
      "timestamp": "2025-04-23T10:41:01.214420",
      "sentiment": "neutral"
    },
    {
      "topic": "trade tariffs",
      "title": "Economic forecasts show Trump's tariffs having major ...",
      "url": "https://www.pbs.org/newshour/show/economic-forecasts-show-trumps-tariffs-having-major-global-impact",
      "snippet": "President Trump's trade wars are likely to slow down economic growth across the globe significantly this year, according to projections from ...",
      "source": "serpapi",
      "timestamp": "2025-04-23T10:41:01.214436",
      "sentiment": "neutral"
    },
    {
      "topic": "economic sanctions",
      "title": "Economic sanctions",
      "url": "https://en.wikipedia.org/wiki/Economic_sanctions",
      "snippet": "Economic sanctions or embargoes are commercial and financial penalties applied by states or institutions against states, groups, or individuals.",
      "source": "serpapi",
      "timestamp": "2025-04-23T10:41:02.739068",
      "sentiment": "neutral"
    },
    {
      "topic": "economic sanctions",
      "title": "What Are Economic Sanctions?",
      "url": "https://www.cfr.org/backgrounder/what-are-economic-sanctions",
      "snippet": "Economic sanctions are defined as the withdrawal of customary trade and financial relations for foreign- and security-policy purposes.",
      "source": "serpapi",
      "timestamp": "2025-04-23T10:41:02.739190",
      "sentiment": "neutral"
    },
    {
      "topic": "economic sanctions",
      "title": "Sanctions Programs and Country Information",
      "url": "https://ofac.treasury.gov/sanctions-programs-and-country-information",
      "snippet": "The sanctions can be either comprehensive or selective, using the blocking of assets and trade restrictions to accomplish foreign policy and national security ...",
      "source": "serpapi",
      "timestamp": "2025-04-23T10:41:02.739235",
      "sentiment": "negative"
    },
    {
      "topic": "economic sanctions",
      "title": "US Economic Sanctions: Their Impact on Trade, Jobs, and ...",
      "url": "https://www.piie.com/publications/working-papers/us-economic-sanctions-their-impact-trade-jobs-and-wages",
      "snippet": "The OECD results suggest that extensive sanctions lower exports by 78 percent, while limited to modest sanctions reduce exports by 21 percent to 33 percent.",
      "source": "serpapi",
      "timestamp": "2025-04-23T10:41:02.739276",
      "sentiment": "neutral"
    },
    {
      "topic": "economic sanctions",
      "title": "Economic sanctions | Definition, History, Criticism, & Facts",
      "url": "https://www.britannica.com/topic/economic-sanctions",
      "snippet": "Economic sanctions are often financial restrictions that make it difficult for the target to conduct business or to receive or transfer income. Such sanctions ...",
      "source": "serpapi",
      "timestamp": "2025-04-23T10:41:02.739315",
      "sentiment": "neutral"
    },
    {
      "topic": "economic sanctions",
      "title": "Evidence on the Costs and Benefits of Economic Sanctions",
      "url": "https://www.piie.com/commentary/testimonies/evidence-costs-and-benefits-economic-sanctions",
      "snippet": "The sanctions are imposed quickly and decisively to maximize impact. The average cost to the target as a percentage of GNP in success cases was 2.4 percent and ...",
      "source": "serpapi",
      "timestamp": "2025-04-23T10:41:02.739356",
      "sentiment": "positive"
    },
    {
      "topic": "economic sanctions",
      "title": "Economic Sanctions Policy and Implementation",
      "url": "https://www.state.gov/economic-sanctions-policy-and-implementation/",
      "snippet": "The Office of Economic Sanctions Policy and Implementation (TFS/SPI) maintains and enforces sanctions to maximize their economic impact on our targets and ...",
      "source": "serpapi",
      "timestamp": "2025-04-23T10:41:02.739394",
      "sentiment": "neutral"
    }
  ],
  "total_posts_analyzed": 71
}