{
  "timestamp": "2025-05-08T13:48:00.889661",
  "symbol": "solana",
  "average_sentiment_score": 0.0,
  "fear_greed_index": [
    {
      "value": 65,
      "classification": "Greed",
      "timestamp_unix": 1746662400,
      "datetime": "2025-05-08T00:00:00"
    }
  ],
  "dxy_strength_score": null,
  "macro_news_sentiment": [
    {
      "title": "Secretary of State marks 80th anniversary of VE Day",
      "url": "https://www.gov.uk/government/announcements",
      "country": "UK",
      "source": "government",
      "scraped_at": "2025-05-08T13:47:51.593066",
      "sentiment": "neutral"
    },
    {
      "title": "UK pledges support to strengthen Ukraine's justice system",
      "url": "https://www.gov.uk/government/announcements",
      "country": "UK",
      "source": "government",
      "scraped_at": "2025-05-08T13:47:51.593184",
      "sentiment": "neutral"
    },
    {
      "title": "UK and Norway accelerate clean energy opportunities",
      "url": "https://www.gov.uk/government/announcements",
      "country": "UK",
      "source": "government",
      "scraped_at": "2025-05-08T13:47:51.593235",
      "sentiment": "positive"
    },
    {
      "title": "Latest data on listeriosis",
      "url": "https://www.gov.uk/government/announcements",
      "country": "UK",
      "source": "government",
      "scraped_at": "2025-05-08T13:47:51.593279",
      "sentiment": "neutral"
    },
    {
      "title": "Prime Minister\u2019s remarks at the London Defence Conference: 8 May 2025",
      "url": "https://www.gov.uk/government/announcements",
      "country": "UK",
      "source": "government",
      "scraped_at": "2025-05-08T13:47:51.593324",
      "sentiment": "neutral"
    },
    {
      "title": "Spelthorne Borough Council Letter: Letter to Chief Executive (8 May 2025)",
      "url": "https://www.gov.uk/government/announcements",
      "country": "UK",
      "source": "government",
      "scraped_at": "2025-05-08T13:47:51.593370",
      "sentiment": "neutral"
    },
    {
      "title": "Spelthorne Borough Council: Commissioner appointment letters",
      "url": "https://www.gov.uk/government/announcements",
      "country": "UK",
      "source": "government",
      "scraped_at": "2025-05-08T13:47:51.593414",
      "sentiment": "neutral"
    },
    {
      "title": "Spelthorne Borough Council: Directions made under the Local Government Act 1999 (8 May 2025)",
      "url": "https://www.gov.uk/government/announcements",
      "country": "UK",
      "source": "government",
      "scraped_at": "2025-05-08T13:47:51.593457",
      "sentiment": "neutral"
    },
    {
      "title": "Spelthorne Borough Council: Explanatory Memorandum (8 May 2025)",
      "url": "https://www.gov.uk/government/announcements",
      "country": "UK",
      "source": "government",
      "scraped_at": "2025-05-08T13:47:51.593500",
      "sentiment": "neutral"
    },
    {
      "title": "Spelthorne Borough Council: Representation (8 May 2025)",
      "url": "https://www.gov.uk/government/announcements",
      "country": "UK",
      "source": "government",
      "scraped_at": "2025-05-08T13:47:51.593544",
      "sentiment": "neutral"
    },
    {
      "topic": "global economy",
      "title": "Global economy, world economy | TheGlobalEconomy.com",
      "url": "https://www.theglobaleconomy.com/",
      "snippet": "Information on the global economy with data on over 400 indicators, updated regularly, for over 200 countries as well as interactive tools, articles, ...",
      "source": "serpapi",
      "timestamp": "2025-05-08T13:47:52.466253",
      "sentiment": "neutral"
    },
    {
      "topic": "global economy",
      "title": "World economy",
      "url": "https://en.wikipedia.org/wiki/World_economy",
      "snippet": "The world economy or global economy is the economy of all humans in the world, referring to the global economic system.",
      "source": "serpapi",
      "timestamp": "2025-05-08T13:47:52.466406",
      "sentiment": "neutral"
    },
    {
      "topic": "global economy",
      "title": "Global Economy",
      "url": "https://www.ft.com/global-economy",
      "snippet": "News and top stories on the state of the global economy. The latest economic data, reports and updates from countries around the world, on jobs, trade, ...",
      "source": "serpapi",
      "timestamp": "2025-05-08T13:47:52.466506",
      "sentiment": "positive"
    },
    {
      "topic": "global economy",
      "title": "Global Economic Prospects",
      "url": "https://www.worldbank.org/en/publication/global-economic-prospects",
      "snippet": "Global growth is expected to hold steady at 2.7 percent in 2025-26. However, the global economy appears to be settling at a low growth rate.",
      "source": "serpapi",
      "timestamp": "2025-05-08T13:47:52.466601",
      "sentiment": "neutral"
    },
    {
      "topic": "global economy",
      "title": "The Global Economy Enters a New Era",
      "url": "https://www.imf.org/en/Blogs/Articles/2025/04/22/the-global-economy-enters-a-new-era",
      "snippet": "Risks to the global economy have increased, and worsening trade tensions could further depress growth. Financial conditions could tighten ...",
      "source": "serpapi",
      "timestamp": "2025-05-08T13:47:52.466698",
      "sentiment": "neutral"
    },
    {
      "topic": "global economy",
      "title": "How does the global economy work?",
      "url": "https://www.edology.com/blog/accounting-finance/how-does-global-economy-work/",
      "snippet": "The global economy refers to the interconnected worldwide economic activities that take place between multiple countries. These economic activities can have ...",
      "source": "serpapi",
      "timestamp": "2025-05-08T13:47:52.466795",
      "sentiment": "neutral"
    },
    {
      "topic": "global economy",
      "title": "World Economic Outlook (April 2025) - Real GDP growth",
      "url": "https://www.imf.org/external/datamapper/index.php",
      "snippet": "Real GDP growth \u00b7 GDP, current prices. Billions of U.S. dollars. 46.93. thousand. Created with Highcharts 6.1.4. 2025. Emerging market and developing economies ...",
      "source": "serpapi",
      "timestamp": "2025-05-08T13:47:52.466890",
      "sentiment": "neutral"
    },
    {
      "topic": "geopolitical tensions",
      "title": "Top Geopolitical Risks of 2025",
      "url": "https://www.spglobal.com/en/research-insights/market-insights/geopolitical-risk",
      "snippet": "The world is changing. Geopolitical fragmentation is being fueled by COVID-19, the war in Ukraine, U.S.-China relations and more.",
      "source": "serpapi",
      "timestamp": "2025-05-08T13:47:53.018646",
      "sentiment": "neutral"
    },
    {
      "topic": "geopolitical tensions",
      "title": "How are geopolitical risks affecting the world economy?",
      "url": "https://www.economicsobservatory.com/how-are-geopolitical-risks-affecting-the-world-economy",
      "snippet": "Geopolitical risks posed by elections, polarisation and conflicts within and between states have inevitable knock-on effects on the economy, both globally and ...",
      "source": "serpapi",
      "timestamp": "2025-05-08T13:47:53.018794",
      "sentiment": "neutral"
    },
    {
      "topic": "geopolitical tensions",
      "title": "How Geopolitical Risks Influence the Global Community",
      "url": "https://geopoliticalfutures.com/risk/",
      "snippet": "Geopolitical risks are defined as the potential political, economic, military, and social risks that can emerge from a nation's involvement in international ...",
      "source": "serpapi",
      "timestamp": "2025-05-08T13:47:53.018885",
      "sentiment": "neutral"
    },
    {
      "topic": "geopolitical tensions",
      "title": "Geopolitical tensions - (AP World History",
      "url": "https://library.fiveable.me/key-terms/ap-world/geopolitical-tensions",
      "snippet": "Geopolitical tensions refer to conflicts and rivalries between nations or regions that arise from their geographical, political, and economic interests.",
      "source": "serpapi",
      "timestamp": "2025-05-08T13:47:53.018975",
      "sentiment": "neutral"
    },
    {
      "topic": "geopolitical tensions",
      "title": "Geopolitical Risk Dashboard | BlackRock Investment Institute",
      "url": "https://www.blackrock.com/corporate/insights/blackrock-investment-institute/interactive-charts/geopolitical-risk-dashboard",
      "snippet": "Top 10 risks by likelihood ; Middle East regional war, Regional conflict escalates, threatening energy infrastructure and increasing volatility.",
      "source": "serpapi",
      "timestamp": "2025-05-08T13:47:53.019067",
      "sentiment": "neutral"
    },
    {
      "topic": "geopolitical tensions",
      "title": "Top geopolitical risks 2025",
      "url": "https://kpmg.com/xx/en/our-insights/risk-and-regulation/top-risks-forecast-2025.html",
      "snippet": "Geopolitical rivalries, trade protectionism, conflict, competition for resources, cyberattacks and climate events place severe strains on ...",
      "source": "serpapi",
      "timestamp": "2025-05-08T13:47:53.019419",
      "sentiment": "neutral"
    },
    {
      "topic": "geopolitical tensions",
      "title": "Beyond borders: Assessing the influence of Geopolitical ...",
      "url": "https://www.sciencedirect.com/science/article/pii/S0176268024000521",
      "snippet": "We find that geopolitical tensions and global uncertainty in border countries contribute to the rise of European country's sovereign risk.",
      "source": "serpapi",
      "timestamp": "2025-05-08T13:47:53.019514",
      "sentiment": "neutral"
    },
    {
      "topic": "geopolitical tensions",
      "title": "Geopolitical conflict and its impact on global markets",
      "url": "https://www.usbank.com/investing/financial-perspectives/market-news/russia-ukraine-global-market.html",
      "snippet": "Increasing global tensions tied to trade tensions and ongoing geopolitical conflicts contributed to investor uncertainty about near-term ...",
      "source": "serpapi",
      "timestamp": "2025-05-08T13:47:53.019607",
      "sentiment": "neutral"
    },
    {
      "topic": "crypto adoption",
      "title": "2024 Global Crypto Adoption Index",
      "url": "https://www.chainalysis.com/blog/2024-global-crypto-adoption-index/",
      "snippet": "In each year's report, we look at both on- and off-chain data to determine which countries are leading the world in grassroots crypto adoption.",
      "source": "serpapi",
      "timestamp": "2025-05-08T13:47:53.662435",
      "sentiment": "neutral"
    },
    {
      "topic": "crypto adoption",
      "title": "Cryptocurrency Ownership Data - Triple-A",
      "url": "https://www.triple-a.io/cryptocurrency-ownership-data",
      "snippet": "As of 2024, we estimated global cryptocurrency ownership rates at an average of 6.8%, with over 560 million cryptocurrencies users worldwide.",
      "source": "serpapi",
      "timestamp": "2025-05-08T13:47:53.662560",
      "sentiment": "neutral"
    },
    {
      "topic": "crypto adoption",
      "title": "The 2023 Global Crypto Adoption Index",
      "url": "https://www.chainalysis.com/blog/2023-global-crypto-adoption-index/",
      "snippet": "The goal of the index is simple: We combine on-chain data and real-world data to measure which countries are leading the world in grassroots crypto adoption.",
      "source": "serpapi",
      "timestamp": "2025-05-08T13:47:53.662640",
      "sentiment": "neutral"
    },
    {
      "topic": "crypto adoption",
      "title": "2025 Cryptocurrency Adoption and Consumer Sentiment ...",
      "url": "https://www.security.org/digital-security/cryptocurrency-annual-consumer-report/",
      "snippet": "We conducted our annual cryptocurrency study to see what Americans think about cryptocurrency adoption, regulation, and security at the start of 2025.",
      "source": "serpapi",
      "timestamp": "2025-05-08T13:47:53.662718",
      "sentiment": "neutral"
    },
    {
      "topic": "crypto adoption",
      "title": "Crypto users worldwide 2016-2025",
      "url": "https://www.statista.com/statistics/1202503/global-cryptocurrency-user-base/",
      "snippet": "The global user base of cryptocurrencies increased by nearly 190 percent between 2018 and 2020, only to accelerate further in 2022.",
      "source": "serpapi",
      "timestamp": "2025-05-08T13:47:53.662795",
      "sentiment": "neutral"
    },
    {
      "topic": "crypto adoption",
      "title": "2024 Crypto Adoption and Illicit Exposure Report",
      "url": "https://www.trmlabs.com/resources/reports/2024-crypto-adoption-and-illicit-activity-report",
      "snippet": "The 2024 Crypto Adoption and Illicit Exposure Report report examines the shifts and trends shaping cryptocurrency adoption around the world.",
      "source": "serpapi",
      "timestamp": "2025-05-08T13:47:53.662873",
      "sentiment": "neutral"
    },
    {
      "topic": "crypto adoption",
      "title": "Crypto Adoption Index | Crypto Wealth Report",
      "url": "https://www.henleyglobal.com/publications/crypto-wealth-report/crypto-adoption-index",
      "snippet": "The Crypto Adoption Index assesses investment migration options for crypto investors who want to craft a portfolio of alternative residence permits and ...",
      "source": "serpapi",
      "timestamp": "2025-05-08T13:47:53.662950",
      "sentiment": "neutral"
    },
    {
      "topic": "crypto adoption",
      "title": "Global surge: exploring cryptocurrency adoption with ...",
      "url": "https://jfin-swufe.springeropen.com/articles/10.1186/s40854-025-00765-0",
      "snippet": "Our findings reveal that cryptocurrency adoption is significantly influenced by economic instability, infrastructure availability, and spatial ...",
      "source": "serpapi",
      "timestamp": "2025-05-08T13:47:53.663027",
      "sentiment": "neutral"
    },
    {
      "topic": "crypto adoption",
      "title": "2024 Trends: Crypto Adoption and Illicit Exposure by Country",
      "url": "https://www.trmlabs.com/resources/blog/2024-trends-crypto-adoption-and-illicit-activity-by-country",
      "snippet": "India, Indonesia, Nigeria, the United States, and Vietnam led in crypto adoption in 2024. Kenya saw the largest increase in crypto adoption, ...",
      "source": "serpapi",
      "timestamp": "2025-05-08T13:47:53.663158",
      "sentiment": "neutral"
    },
    {
      "topic": "crypto ban",
      "title": "US senators attempt to ban Trump's 'profoundly corrupt' ...",
      "url": "https://news.sky.com/story/us-senators-attempt-to-ban-trumps-profoundly-corrupt-crypto-schemes-13363230",
      "snippet": "The End Crypto Corruption Act, proposed by Democratic senators Jeff Merkley and Chuck Schumer, directly targets President Trump and his family.",
      "source": "serpapi",
      "timestamp": "2025-05-08T13:47:54.221513",
      "sentiment": "neutral"
    },
    {
      "topic": "crypto ban",
      "title": "Legality of cryptocurrency by country or territory",
      "url": "https://en.wikipedia.org/wiki/Legality_of_cryptocurrency_by_country_or_territory",
      "snippet": "Afghanistan. Illegal. In August 2022 Taliban banned trading in cryptocurrencies. \u00b7 Kyrgyzstan. Legal. Bitcoin is considered a commodity, not a security or ...",
      "source": "serpapi",
      "timestamp": "2025-05-08T13:47:54.221658",
      "sentiment": "negative"
    },
    {
      "topic": "crypto ban",
      "title": "Urgent Call to Stop Senate Bill Banning Crypto",
      "url": "https://digitalchamber.org/cryptocurrency-under-threat-urgent-call-to-stop-senate-bill-banning-crypto/",
      "snippet": "We are creating a campaign named Stop the Crypto Ban and are fighting aggressively to kill this bill. What can you do? Sign the petition against the bill.",
      "source": "serpapi",
      "timestamp": "2025-05-08T13:47:54.221761",
      "sentiment": "neutral"
    },
    {
      "topic": "crypto ban",
      "title": "EU to ban anonymous crypto accounts and privacy coins ...",
      "url": "https://cointelegraph.com/news/eu-crypto-ban-anonymous-privacy-tokens-2027",
      "snippet": "Europe will ban anonymous crypto accounts and privacy coins starting in 2027 under sweeping new AML regulations targeting service providers ...",
      "source": "serpapi",
      "timestamp": "2025-05-08T13:47:54.221859",
      "sentiment": "neutral"
    },
    {
      "topic": "crypto ban",
      "title": "Crypto Ban",
      "url": "https://www.coindesk.com/tag/crypto-ban",
      "snippet": "Russia's central bank said in a report released Thursday the country must make crypto trading, mining, and usage illegal. CoinDesk reporter Anna Baydakova ...",
      "source": "serpapi",
      "timestamp": "2025-05-08T13:47:54.221954",
      "sentiment": "negative"
    },
    {
      "topic": "crypto ban",
      "title": "Why China had to \u201cBan\u201d Cryptocurrency but the U.S. did not",
      "url": "https://openscholarship.wustl.edu/law_globalstudies/vol18/iss2/9/",
      "snippet": "While China explicitly banned any exchange or financing activities between fiat money and \u201ccoin substitution\u201d in 2017, the US has placed cryptocurrencies ...",
      "source": "serpapi",
      "timestamp": "2025-05-08T13:47:54.222051",
      "sentiment": "neutral"
    },
    {
      "topic": "crypto ban",
      "title": "10 Countries Where Crypto Remains Banned in 2025",
      "url": "https://www.ccn.com/education/crypto/10-countries-where-crypto-remains-banned/",
      "snippet": "10 Countries Where Crypto Remains Banned in 2025 \u00b7 1. China \u00b7 2. Egypt \u00b7 3. Algeria \u00b7 4. Bangladesh \u00b7 5. Nepal \u00b7 6. Afghanistan \u00b7 7. Morocco \u00b7 8 ...",
      "source": "serpapi",
      "timestamp": "2025-05-08T13:47:54.222147",
      "sentiment": "neutral"
    },
    {
      "topic": "crypto regulation",
      "title": "Cryptocurrency Regulation: A Guide to U.S. & Global Policies",
      "url": "https://www.britannica.com/money/cryptocurrency-regulation",
      "snippet": "Regulations for crypto are the legal and procedural frameworks that governments enact to shape many different aspects of digital assets.",
      "source": "serpapi",
      "timestamp": "2025-05-08T13:47:54.761896",
      "sentiment": "positive"
    },
    {
      "topic": "crypto regulation",
      "title": "Crypto Task Force",
      "url": "https://www.sec.gov/about/crypto-task-force",
      "snippet": "The Crypto Task Force will help to draw clear regulatory lines, appropriately distinguish securities from non-securities, craft tailored disclosure frameworks, ...",
      "source": "serpapi",
      "timestamp": "2025-05-08T13:47:54.762047",
      "sentiment": "positive"
    },
    {
      "topic": "crypto regulation",
      "title": "Regulating crypto: Why, how, and who | ...",
      "url": "https://www.brookings.edu/collection/regulating-crypto-why-how-and-who/",
      "snippet": "Allen cautioned against bringing crypto into the regulatory system for fear of giving investors false guarantees around the quality of these assets and markets.",
      "source": "serpapi",
      "timestamp": "2025-05-08T13:47:54.762146",
      "sentiment": "neutral"
    },
    {
      "topic": "crypto regulation",
      "title": "Recent Developments Raise Significant Questions about ...",
      "url": "https://www.moneylaunderingnews.com/2025/03/recent-developments-raise-significant-questions-about-the-future-of-regulation-and-enforcement-of-cryptocurrency/",
      "snippet": "Clearing Agencies and Transfer Agents: The Task Force hopes to improve the intersection of crypto, clearing agency and transfer rules.",
      "source": "serpapi",
      "timestamp": "2025-05-08T13:47:54.762244",
      "sentiment": "neutral"
    },
    {
      "topic": "crypto regulation",
      "title": "Blockchain & Cryptocurrency Laws & Regulations 2025",
      "url": "https://www.globallegalinsights.com/practice-areas/blockchain-cryptocurrency-laws-and-regulations/usa/",
      "snippet": "The sale of cryptocurrency is generally only regulated if the sale (i) constitutes the sale of a security under state or federal law, or (ii) is ...",
      "source": "serpapi",
      "timestamp": "2025-05-08T13:47:54.762341",
      "sentiment": "neutral"
    },
    {
      "topic": "crypto regulation",
      "title": "Cryptocurrency Regulation in the U.S. and the EU",
      "url": "https://www.dowjones.com/professional/risk/resources/glossary/cryptocurrency-regulation",
      "snippet": "Many countries are starting to collect taxes on capital gains and crack down on financial crimes in the cryptocurrency space.",
      "source": "serpapi",
      "timestamp": "2025-05-08T13:47:54.762437",
      "sentiment": "neutral"
    },
    {
      "topic": "SEC ruling crypto",
      "title": "Crypto Task Force",
      "url": "https://www.sec.gov/about/crypto-task-force",
      "snippet": "The Crypto Task Force seeks to provide clarity on the application of the federal securities laws to the crypto asset market and to recommend practical policy ...",
      "source": "serpapi",
      "timestamp": "2025-05-08T13:47:55.296824",
      "sentiment": "neutral"
    },
    {
      "topic": "SEC ruling crypto",
      "title": "Crypto Assets",
      "url": "https://www.sec.gov/securities-topics/crypto-assets",
      "snippet": "To settle the SEC's charges, Nexo agreed to pay a $22.5 million penalty and cease its unregistered offer and sale of the EIP to U.S. investors. 1/19/2023. SEC v ...",
      "source": "serpapi",
      "timestamp": "2025-05-08T13:47:55.296974",
      "sentiment": "neutral"
    },
    {
      "topic": "SEC ruling crypto",
      "title": "Cyber, Crypto Assets and Emerging Technology",
      "url": "https://www.sec.gov/about/divisions-offices/division-enforcement/cyber-crypto-assets-emerging-technology",
      "snippet": "The SEC's Crypto Task Force seeks to help the Commission provide clarity on the application of the federal securities laws to the crypto asset ...",
      "source": "serpapi",
      "timestamp": "2025-05-08T13:47:55.297074",
      "sentiment": "neutral"
    },
    {
      "topic": "SEC ruling crypto",
      "title": "SEC Says Bitcoin is NOT a Security | Cryptocurrency Law",
      "url": "https://gordonlaw.com/learn/sec-says-bitcoin-not-security/",
      "snippet": "The U.S. Securities and Exchange Commission declared that Bitcoin is not a security. Jump in to learn more about the decision and its industry impact.",
      "source": "serpapi",
      "timestamp": "2025-05-08T13:47:55.297171",
      "sentiment": "neutral"
    },
    {
      "topic": "SEC ruling crypto",
      "title": "SEC repeals controversial crypto accounting rules for banks",
      "url": "https://bankingjournal.aba.com/2025/01/sec-repeals-controversial-crypto-accounting-rules-for-banks/",
      "snippet": "SAB 121, published in 2022, required SEC registrants to record an obligation to safeguard the crypto assets that they hold at the fair value of ...",
      "source": "serpapi",
      "timestamp": "2025-05-08T13:47:55.297267",
      "sentiment": "positive"
    },
    {
      "topic": "SEC ruling crypto",
      "title": "Offerings and Registrations of Securities in the Crypto ...",
      "url": "https://www.sec.gov/newsroom/speeches-statements/cf-crypto-securities-041025",
      "snippet": "SEC rules require an issuer to provide a materially complete description of its securities.[15] The specific disclosure depends on the ...",
      "source": "serpapi",
      "timestamp": "2025-05-08T13:47:55.297365",
      "sentiment": "neutral"
    },
    {
      "topic": "SEC ruling crypto",
      "title": "SEC Declares Bitcoin and Ether as Non-Securities - Cassels",
      "url": "https://cassels.com/insights/sec-declares-bitcoin-and-ether-as-non-securities/",
      "snippet": "William Hinman (Hinman), announced that the commission would not be treating Ether or Bitcoin as securities.",
      "source": "serpapi",
      "timestamp": "2025-05-08T13:47:55.297461",
      "sentiment": "neutral"
    },
    {
      "topic": "SEC ruling crypto",
      "title": "SEC revokes unpopular banking rule that blocked Wall ...",
      "url": "https://www.cnbc.com/2025/01/24/sec-revokes-unpopular-banking-rule-that-blocked-wall-street-banks-from-adopting-crypto.html",
      "snippet": "The US Securities and Exchange Commission has rescinded an accounting rule that forced banks to treat bitcoin and other tokens as a liability on their balance ...",
      "source": "serpapi",
      "timestamp": "2025-05-08T13:47:55.297557",
      "sentiment": "neutral"
    },
    {
      "topic": "court decision cryptocurrency",
      "title": "Crypto in the Courts: Five Cases Reshaping Digital Asset ...",
      "url": "https://katten.com/crypto-in-the-courts-five-cases-reshaping-digital-asset-regulation-in-2025",
      "snippet": "This article examines five cases that may define the future of digital asset regulation in the United States and sets out the issues at stake in those cases.",
      "source": "serpapi",
      "timestamp": "2025-05-08T13:47:55.860012",
      "sentiment": "neutral"
    },
    {
      "topic": "court decision cryptocurrency",
      "title": "Third Circuit Coinbase Decision Pressures SEC on Crypto ...",
      "url": "https://www.ropesgray.com/en/insights/alerts/2025/01/third-circuit-coinbase-decision-pressures-sec-on-crypto-rulemaking",
      "snippet": "Court's Findings \u00b7 The SEC's disagreement with Coinbase on the application of existing securities laws to digital assets was not well-reasoned.",
      "source": "serpapi",
      "timestamp": "2025-05-08T13:47:55.860158",
      "sentiment": "neutral"
    },
    {
      "topic": "court decision cryptocurrency",
      "title": "Cryptocurrency, Sweepstakes, and the Supreme Court",
      "url": "https://www.consumerfinancialserviceslawmonitor.com/2024/05/cryptocurrency-sweepstakes-and-the-supreme-court-a-tale-of-two-contracts/",
      "snippet": "The decision teaches a cautionary lesson that parties with multiple contracts between them must keep issues of arbitrability consistent between the contracts.",
      "source": "serpapi",
      "timestamp": "2025-05-08T13:47:55.860257",
      "sentiment": "positive"
    },
    {
      "topic": "court decision cryptocurrency",
      "title": "precedential",
      "url": "https://www2.ca3.uscourts.gov/opinarch/233202p.pdf",
      "snippet": "At a minimum, the SEC claimed that a digital asset is a security, and thus subject to the federal securities laws, if it is an \u201cinvestment ...",
      "source": "serpapi",
      "timestamp": "2025-05-08T13:47:55.860355",
      "sentiment": "neutral"
    },
    {
      "topic": "court decision cryptocurrency",
      "title": "Court Publishes Decision on Mandatory Arbitration Provisions ...",
      "url": "https://consumerlaw.berkeley.edu/news/court-publishes-decision-mandatory-arbitration-provisions-crypto-industry-and-beyond",
      "snippet": "The opinion establishes a clear blueprint for how to successfully bring claims against abusive cryptocurrency companies for violating consumer ...",
      "source": "serpapi",
      "timestamp": "2025-05-08T13:47:55.860451",
      "sentiment": "neutral"
    },
    {
      "topic": "court decision cryptocurrency",
      "title": "Court Cases",
      "url": "https://www.coindesk.com/tag/court-cases",
      "snippet": "A Texas federal court ruled that the regulator's new dealer definition that roped in crypto entities was \"untethered\" to US securities law.",
      "source": "serpapi",
      "timestamp": "2025-05-08T13:47:55.860549",
      "sentiment": "positive"
    },
    {
      "topic": "court decision cryptocurrency",
      "title": "Appeals Court Reverses the SEC's Rejection of ...",
      "url": "https://www.winston.com/en/blogs-and-podcasts/non-fungible-insights-blockchain-decrypted/appeals-court-reverses-the-secs-rejection-of-grayscales-spot-bitcoin-etf-proposal",
      "snippet": "The three-judge panel unanimously concluded that the Commission failed to provide a \u201ccoherent explanation\u201d as to why it approved bitcoin futures ETFs, but not ...",
      "source": "serpapi",
      "timestamp": "2025-05-08T13:47:55.860646",
      "sentiment": "neutral"
    },
    {
      "topic": "court decision cryptocurrency",
      "title": "Crypto's court docket in 2025 is packed with big cases",
      "url": "https://www.dlnews.com/articles/regulation/crypto-court-docket-in-2025-is-packed-with-big-cases/",
      "snippet": "Some of the most important court cases facing crypto developers and companies have come from other agencies such as the US Justice Department.",
      "source": "serpapi",
      "timestamp": "2025-05-08T13:47:55.860741",
      "sentiment": "positive"
    },
    {
      "topic": "gold price",
      "title": "Gold Price Charts & Historical Data - GoldPrice.org",
      "url": "https://goldprice.org/",
      "snippet": "GOLDPRICE.ORG - The No. 1 gold price site for fast loading live gold price charts in ounces, grams and kilos in every national currency in the world.",
      "source": "serpapi",
      "timestamp": "2025-05-08T13:47:56.412395",
      "sentiment": "neutral"
    },
    {
      "topic": "gold price",
      "title": "Price of Gold Per Ounce | 24 Hour Spot Chart",
      "url": "https://www.kitco.com/charts/gold",
      "snippet": "Live Gold Charts and Gold Spot Price from International Gold Markets, Prices from New York, London, Hong Kong and Sydney provided by Kitco.",
      "source": "serpapi",
      "timestamp": "2025-05-08T13:47:56.412537",
      "sentiment": "neutral"
    },
    {
      "topic": "gold price",
      "title": "Gold - Price - Chart - Historical Data - News",
      "url": "https://tradingeconomics.com/commodity/gold",
      "snippet": "Gold is expected to trade at 3285.01 USD/t oz. by the end of this quarter, according to Trading Economics global macro models and analysts expectations. Looking ...",
      "source": "serpapi",
      "timestamp": "2025-05-08T13:47:56.412636",
      "sentiment": "neutral"
    },
    {
      "topic": "gold price",
      "title": "Gold price drops to multi-day low, around ...",
      "url": "https://www.fxstreet.com/news/gold-price-jumps-back-above-3-400-amid-reviving-safe-haven-demand-202505080234",
      "snippet": "Gold price (XAU/USD) turns lower for the second straight day following an intraday uptick to the $3414-3415 area and extends the intraday ...",
      "source": "serpapi",
      "timestamp": "2025-05-08T13:47:56.412732",
      "sentiment": "neutral"
    },
    {
      "topic": "gold price",
      "title": "Gold Price Today | Gold Spot Price Charts",
      "url": "https://www.apmex.com/gold-price",
      "snippet": "APMEX lists live gold prices and silver prices as well as historical data related to gold spot prices. All prices are updated in real-time. View the spot price ...",
      "source": "serpapi",
      "timestamp": "2025-05-08T13:47:56.412831",
      "sentiment": "neutral"
    },
    {
      "topic": "central bank gold reserve",
      "title": "Central Banks Gold Reserves by Country",
      "url": "https://www.gold.org/goldhub/data/gold-reserves-by-country",
      "snippet": "Gold is an important component of central bank reserves because of its safety, liquidity and return characteristics \u2013 the three key ...",
      "source": "serpapi",
      "timestamp": "2025-05-08T13:47:56.934456",
      "sentiment": "positive"
    },
    {
      "topic": "central bank gold reserve",
      "title": "Gold reserve",
      "url": "https://en.wikipedia.org/wiki/Gold_reserve",
      "snippet": "A gold reserve is the gold held by a national central bank, intended mainly as a guarantee to redeem promises to pay depositors, note holders",
      "source": "serpapi",
      "timestamp": "2025-05-08T13:47:56.934601",
      "sentiment": "neutral"
    },
    {
      "topic": "central bank gold reserve",
      "title": "Top 10 Central Bank Gold Reserves | INN",
      "url": "https://investingnews.com/daily/resource-investing/precious-metals-investing/gold-investing/top-central-bank-gold-holdings/",
      "snippet": "Global central banks own about 17 percent of all the gold ever mined, with reserves topping 37,755 metric tons (MT) at the end of 2024. They ...",
      "source": "serpapi",
      "timestamp": "2025-05-08T13:47:56.934700",
      "sentiment": "neutral"
    },
    {
      "topic": "central bank gold reserve",
      "title": "Central Banks - Gold Demand Trends: Q1 2025",
      "url": "https://www.gold.org/goldhub/research/gold-demand-trends/gold-demand-trends-q1-2025/central-banks",
      "snippet": "Central banks' bullion bonanza continues in 2025. Central banks' net purchases totalled 244t in Q1; The National Bank of Poland accelerated its ...",
      "source": "serpapi",
      "timestamp": "2025-05-08T13:47:56.934796",
      "sentiment": "neutral"
    },
    {
      "topic": "central bank gold reserve",
      "title": "Gold Reserves - Countries - List",
      "url": "https://tradingeconomics.com/country-list/gold-reserves",
      "snippet": "This page displays a table with actual values, consensus figures, forecasts, statistics and historical data charts for - Gold Reserves.",
      "source": "serpapi",
      "timestamp": "2025-05-08T13:47:56.934892",
      "sentiment": "neutral"
    },
    {
      "topic": "central bank gold reserve",
      "title": "The Role of Gold in Central Bank Reserves | Alchemist",
      "url": "https://www.lbma.org.uk/alchemist/alchemist-110/the-role-of-gold-in-central-bank-reserves",
      "snippet": "Gold's status as a currency is therefore borne out by the fact that bullion is counted as part of a central bank's foreign exchange reserves. It is the only ...",
      "source": "serpapi",
      "timestamp": "2025-05-08T13:47:56.934988",
      "sentiment": "neutral"
    },
    {
      "topic": "central bank gold reserve",
      "title": "Gold Vault - FEDERAL RESERVE BANK of NEW YORK",
      "url": "https://www.newyorkfed.org/aboutthefed/goldvault.html",
      "snippet": "None of the gold stored in the vault belongs to the New York Fed or the Federal Reserve System. The New York Fed acts as the guardian and custodian of the gold ...",
      "source": "serpapi",
      "timestamp": "2025-05-08T13:47:56.935147",
      "sentiment": "neutral"
    },
    {
      "topic": "trade tariffs",
      "title": "Trump confirms he will sign first post-tariff trade deal with ...",
      "url": "https://www.nbcnews.com/politics/white-house/trump-says-major-trade-deal-will-discussed-white-house-event-thursday-rcna205509",
      "snippet": "President Donald Trump said he is to sign a trade deal with Britain that will be America's first since he announced sweeping global tariffs.",
      "source": "serpapi",
      "timestamp": "2025-05-08T13:47:57.538901",
      "sentiment": "neutral"
    },
    {
      "topic": "trade tariffs",
      "title": "What could be in the UK-US tariff deal?",
      "url": "https://www.bbc.com/news/articles/c15ng4g5g0eo",
      "snippet": "It's thought US President Trump's blanket 10% tariffs on imports will stay, but that the UK will see cuts to the 25% tariffs on some of its ...",
      "source": "serpapi",
      "timestamp": "2025-05-08T13:47:57.539059",
      "sentiment": "neutral"
    },
    {
      "topic": "trade tariffs",
      "title": "Trump tariffs live updates: Trump expected to announce US ...",
      "url": "https://finance.yahoo.com/news/live/trump-tariffs-live-updates-trump-expected-to-announce-us-uk-trade-deal-first-since-liberation-day-tariffs-191201586.html",
      "snippet": "President Trump announces a 90-day pause on tariffs for many trading partners, while raising tariffs on Chinese imports to 145%. April 11.",
      "source": "serpapi",
      "timestamp": "2025-05-08T13:47:57.539253",
      "sentiment": "neutral"
    },
    {
      "topic": "trade tariffs",
      "title": "Presidential Tariff Actions",
      "url": "https://ustr.gov/issue-areas/presidential-tariff-actions",
      "snippet": "Executive Order: Amendment to Reciprocal Tariffs and Updated Duties as Applied to Low-Value Imports from the People's Republic of China. Executive Order: ...",
      "source": "serpapi",
      "timestamp": "2025-05-08T13:47:57.539362",
      "sentiment": "neutral"
    },
    {
      "topic": "trade tariffs",
      "title": "Fact Sheet: President Donald J. Trump Declares National ...",
      "url": "https://www.whitehouse.gov/fact-sheets/2025/04/fact-sheet-president-donald-j-trump-declares-national-emergency-to-increase-our-competitive-edge-protect-our-sovereignty-and-strengthen-our-national-and-economic-security/",
      "snippet": "Monetary tariffs and non-monetary tariffs are two distinct types of trade barriers that governments use to regulate imports and exports. ...",
      "source": "serpapi",
      "timestamp": "2025-05-08T13:47:57.539463",
      "sentiment": "neutral"
    },
    {
      "topic": "trade tariffs",
      "title": "Tariff slump widens to nearly all U.S. exports, supply chain ...",
      "url": "https://www.cnbc.com/2025/05/06/trump-tariffs-hit-us-exports-import-covid-level-event.html",
      "snippet": "Trump trade tariffs slump widens to 'nearly all U.S. exports,' supply chain data shows. An exports slide that began in early 2025 has reached most ports across ...",
      "source": "serpapi",
      "timestamp": "2025-05-08T13:47:57.539564",
      "sentiment": "positive"
    },
    {
      "topic": "trade tariffs",
      "title": "U.S., Britain strike first major trade deal of Trump tariff era",
      "url": "https://www.axios.com/2025/05/08/trump-britain-trade-deal-tariffs-keir-starmer",
      "snippet": "The U.S. and Britain have apparently struck a major trade deal, set to be announced at the White House Thursday morning.",
      "source": "serpapi",
      "timestamp": "2025-05-08T13:47:57.539661",
      "sentiment": "neutral"
    },
    {
      "topic": "trade tariffs",
      "title": "Trump and Starmer to unveil deal to cut tariffs",
      "url": "https://www.bbc.com/news/articles/c62j22jr7n8o",
      "snippet": "The UK government has been seeking an agreement to lower tariffs since Trump imposed levies on almost every country in the world last month.",
      "source": "serpapi",
      "timestamp": "2025-05-08T13:47:57.539758",
      "sentiment": "neutral"
    },
    {
      "topic": "economic sanctions",
      "title": "Economic sanctions",
      "url": "https://en.wikipedia.org/wiki/Economic_sanctions",
      "snippet": "Economic sanctions or embargoes are commercial and financial penalties applied by states or institutions against states, groups, or individuals.",
      "source": "serpapi",
      "timestamp": "2025-05-08T13:47:58.074279",
      "sentiment": "neutral"
    },
    {
      "topic": "economic sanctions",
      "title": "What Are Economic Sanctions?",
      "url": "https://www.cfr.org/backgrounder/what-are-economic-sanctions",
      "snippet": "Economic sanctions are defined as the withdrawal of customary trade and financial relations for foreign- and security-policy purposes.",
      "source": "serpapi",
      "timestamp": "2025-05-08T13:47:58.074430",
      "sentiment": "neutral"
    },
    {
      "topic": "economic sanctions",
      "title": "Sanctions Programs and Country Information",
      "url": "https://ofac.treasury.gov/sanctions-programs-and-country-information",
      "snippet": "The sanctions can be either comprehensive or selective, using the blocking of assets and trade restrictions to accomplish foreign policy and national security ...",
      "source": "serpapi",
      "timestamp": "2025-05-08T13:47:58.074528",
      "sentiment": "neutral"
    },
    {
      "topic": "economic sanctions",
      "title": "Economic Sanctions: An Overview",
      "url": "https://www.usitc.gov/sites/default/files/publications/332/executive_briefings/ebot_economic_sanctions_overview.pdf",
      "snippet": "Definition. Economic sanctions (hereunder, \u201csanctions\u201d) are often defined as \u201c...the deliberate, government- inspired withdrawal, or threat of withdrawal, ...",
      "source": "serpapi",
      "timestamp": "2025-05-08T13:47:58.074625",
      "sentiment": "neutral"
    },
    {
      "topic": "economic sanctions",
      "title": "Economic Sanctions Policy and Implementation",
      "url": "https://www.state.gov/economic-sanctions-policy-and-implementation/",
      "snippet": "The Office of Economic Sanctions Policy and Implementation (TFS/SPI) maintains and enforces sanctions to maximize their economic impact on our targets and ...",
      "source": "serpapi",
      "timestamp": "2025-05-08T13:47:58.074720",
      "sentiment": "neutral"
    },
    {
      "topic": "economic sanctions",
      "title": "US Economic Sanctions: Their Impact on Trade, Jobs, and ...",
      "url": "https://www.piie.com/publications/working-papers/us-economic-sanctions-their-impact-trade-jobs-and-wages",
      "snippet": "The OECD results suggest that extensive sanctions lower exports by 78 percent, while limited to modest sanctions reduce exports by 21 percent to 33 percent.",
      "source": "serpapi",
      "timestamp": "2025-05-08T13:47:58.074817",
      "sentiment": "neutral"
    },
    {
      "topic": "economic sanctions",
      "title": "Evidence on the Costs and Benefits of Economic Sanctions",
      "url": "https://www.piie.com/commentary/testimonies/evidence-costs-and-benefits-economic-sanctions",
      "snippet": "The sanctions are imposed quickly and decisively to maximize impact. The average cost to the target as a percentage of GNP in success cases was 2.4 percent and ...",
      "source": "serpapi",
      "timestamp": "2025-05-08T13:47:58.074914",
      "sentiment": "positive"
    },
    {
      "topic": "economic sanctions",
      "title": "Are Economic Sanctions Effective Foreign Policy Tools?",
      "url": "https://now.tufts.edu/2024/07/08/are-economic-sanctions-effective-foreign-policy-tools",
      "snippet": "Economic sanctions are increasingly used to try to change foreign governments policies and actions, often with unintended consequences.",
      "source": "serpapi",
      "timestamp": "2025-05-08T13:47:58.075009",
      "sentiment": "neutral"
    },
    {
      "topic": "economic sanctions",
      "title": "Do Economic Sanctions Work?",
      "url": "https://online.norwich.edu/online/about/resource-library/do-economic-sanctions-work",
      "snippet": "51% of the time, an economic sanction is able to implement modest policy changes that affect citizens in a positive way or protect other countries. Economic ...",
      "source": "serpapi",
      "timestamp": "2025-05-08T13:47:58.075175",
      "sentiment": "positive"
    }
  ],
  "total_posts_analyzed": 69
}