[
  {
    "title": "US Real GDP",
    "analysis": "Error analyzing US Real GDP: No valid time series or data list found."
  },
  {
    "title": "US GDP Per Capita",
    "analysis": "Error analyzing US GDP Per Capita: No valid time series or data list found."
  },
  {
    "title": "Consumer Price Index (CPI)",
    "analysis": "Error analyzing Consumer Price Index (CPI): No valid time series or data list found."
  },
  {
    "title": "Inflation Rate",
    "analysis": "Error analyzing Inflation Rate: No valid time series or data list found."
  },
  {
    "title": "Inflation Expectations",
    "analysis": "Error analyzing Inflation Expectations: No valid time series or data list found."
  },
  {
    "title": "Unemployment Rate",
    "analysis": "Error analyzing Unemployment Rate: No valid time series or data list found."
  },
  {
    "title": "Nonfarm Payroll",
    "analysis": "Error analyzing Nonfarm Payroll: No valid time series or data list found."
  },
  {
    "title": "Retail Sales",
    "analysis": "Error analyzing Retail Sales: No valid time series or data list found."
  },
  {
    "title": "Industrial Production",
    "analysis": "Error analyzing Industrial Production: No valid time series or data list found."
  },
  {
    "title": "Federal Funds Rate",
    "analysis": "Error analyzing Federal Funds Rate: No valid time series or data list found."
  },
  {
    "title": "US Treasury Yield",
    "analysis": "Error analyzing US Treasury Yield: No valid time series or data list found."
  },
  {
    "title": "USD Index",
    "analysis": "Error analyzing USD Index: No valid time series or data list found."
  }
]